/* memberid range start from 4 to 1003*/
/* trainerid range start from 1004 to 1021, and 2,3*/
/*
payment plan:
Yealy: 900
Monthly: 80
Weekly: 20
Hourly: 5
*/
/*---------------------------------------------------------------------------------------------------------------------*/
DROP TABLE IF EXISTS userlog CASCADE;
DROP TABLE IF EXISTS trainer CASCADE;
DROP TABLE IF EXISTS member CASCADE;
DROP TABLE IF EXISTS payment CASCADE;
DROP TABLE IF EXISTS GymVisit CASCADE;
DROP TABLE IF EXISTS PersonalSessionBooking CASCADE;
DROP TABLE IF EXISTS PersonalSessionAttendance CASCADE;
DROP TABLE IF EXISTS GroupSessionBooking CASCADE;
DROP TABLE IF EXISTS GroupExercise CASCADE;
DROP TABLE IF EXISTS GroupSession CASCADE;
DROP TABLE IF EXISTS GroupSessionAttendance CASCADE;
DROP TABLE IF EXISTS Price CASCADE;
/*---------------------------------------------------------------------------------------------------------------------*/
CREATE TABLE price
(
	PaymentPlan varchar(50) PRIMARY KEY,
	Cost int NOT NULL
);
/*---------------------------------------------------------------------------------------------------------------------*/
INSERT INTO price (PaymentPlan, Cost) VALUES 
('Yearly', 900.00),('Monthly', 80.00),('Weekly', 20.00),('Hourly', 5.00);
/*---------------------------------------------------------------------------------------------------------------------*/
CREATE TABLE userlog
(
	UserID int NOT NULL,
	UserName varchar(20) NOT NULL,
	Password int NOT NULL,
	Role varchar(20) NOT NULL,
	PRIMARY KEY (UserID)
);
/*---------------------------------------------------------------------------------------------------------------------*/
INSERT INTO userlog (UserID, UserName, Password, Role) VALUES 
(1, 'Pat', 1111, 'manager'), 
(2, 'trainer', 2222, 'trainer'), /*username: trainer, password: 2222 for testing purpose*/
(3, 'trainer', 3333, 'trainer'), /*username: trainer, password: 3333 for testing purpose*/
(4, 'Nick', 4567, 'member'),
(5, 'Kel', 2345, 'member'), 
(6, 'Lucia', 6789, 'member'), 
(7, 'John', 1234, 'member'), 
(8, 'Sunil', 3456, 'member'),
(9,'Barrett',2799,'member'),(10,'Latifah',1770,'member'),(11,'Rowan',2049,'member'),(12,'Jackson',5453,'member'),
(13,'Macon',1911,'member'),(14,'Ursula',5883,'member'),(15,'David',6269,'member'),(16,'Cain',8968,'member'),
(17,'Nicole',6737,'member'),(18,'Kay',3054,'member'),(19,'Erica',8733,'member'),(20,'Roary',3961,'member'),
(21,'Lars',1460,'member'),(22,'Abdul',1912,'member'),(23,'Alana',3579,'member'),(24,'Meredith',9246,'member'),
(25,'Brenda',3294,'member'),(26,'Isadora',7773,'member'),(27,'Angela',3067,'member'),(28,'Haviva',6132,'member'),
(29,'April',5553,'member'),(30,'Wanda',6527,'member'),(31,'Hedda',4738,'member'),(32,'Nita',8201,'member'),
(33,'Darryl',7054,'member'),(34,'Shelley',8112,'member'),(35,'Justine',2063,'member'),(36,'Madison',1344,'member'),
(37,'Aidan',2707,'member'),(38,'Harlan',2596,'member'),(39,'Cody',1872,'member'),(40,'Marcia',3122,'member'),(41,'Ivory',3734,'member'),
(42,'Danielle',1468,'member'),(43,'Elijah',7681,'member'),(44,'Teegan',8170,'member'),(45,'Zenia',6412,'member'),(46,'Curran',5583,'member'),
(47,'Giacomo',9575,'member'),(48,'Ruth',2980,'member'),(49,'Sasha',6379,'member'),(50,'Christopher',8533,'member'),(51,'Ezra',6407,'member'),
(52,'Jayme',1488,'member'),(53,'Camden',7063,'member'),(54,'Cailin',1175,'member'),(55,'Fallon',1304,'member'),(56,'Jenna',2558,'member'),
(57,'John',4694,'member'),(58,'Dale',6434,'member'),(59,'Rina',3002,'member'),(60,'Calvin',3699,'member'),(61,'Paloma',3193,'member'),
(62,'Brendan',8223,'member'),(63,'Amber',7461,'member'),(64,'Knox',4125,'member'),(65,'Wendy',9760,'member'),(66,'Keiko',1558,'member'),
(67,'Tyrone',4762,'member'),(68,'Ryder',4686,'member'),(69,'Petra',3033,'member'),(70,'Tana',1295,'member'),(71,'Ferris',5362,'member'),
(72,'Ebony',8896,'member'),(73,'Timothy',1158,'member'),(74,'Aphrodite',1532,'member'),(75,'Ishmael',1353,'member'),(76,'Dora',7035,'member'),
(77,'Cameran',9072,'member'),(78,'Latifah',5637,'member'),(79,'Kiayada',5650,'member'),(80,'Denise',5908,'member'),(81,'Judith',5930,'member'),
(82,'Serina',4313,'member'),(83,'Arsenio',5203,'member'),(84,'Stephanie',5329,'member'),(85,'Hope',1380,'member'),(86,'Cade',2143,'member'),
(87,'Keefe',2852,'member'),(88,'Elvis',5894,'member'),(89,'Geoffrey',5248,'member'),(90,'Camille',9424,'member'),(91,'Fredericka',1134,'member'),
(92,'Wallace',9169,'member'),(93,'Yoko',5277,'member'),(94,'Ian',8821,'member'),(95,'Alvin',9903,'member'),(96,'Tarik',4406,'member'),
(97,'Fay',1388,'member'),(98,'Sean',3751,'member'),(99,'Ulysses',7303,'member'),(100,'Glenna',6839,'member'),(101,'Keith',6372,'member'),
(102,'Lacy',1039,'member'),(103,'Yasir',7762,'member'),(104,'Ryder',7169,'member'),(105,'Jasmine',1068,'member'),(106,'Damian',1982,'member'),
(107,'Candice',5948,'member'),(108,'Henry',5568,'member'),(109,'Geoffrey',2926,'member'),(110,'Rebekah',1813,'member'),
(111,'Burke',5704,'member'),(112,'Erin',2040,'member'),(113,'McKenzie',7571,'member'),(114,'Patricia',7680,'member'),
(115,'Simon',1837,'member'),(116,'Cade',8196,'member'),(117,'Devin',5260,'member'),(118,'Acton',7125,'member'),(119,'Nelle',8853,'member'),
(120,'Maggy',7373,'member'),(121,'Nasim',7892,'member'),(122,'Isaac',6788,'member'),(123,'Justine',8312,'member'),(124,'Dakota',7403,'member'),
(125,'Laura',9932,'member'),(126,'Myles',2154,'member'),(127,'Jordan',2580,'member'),(128,'Cheryl',7753,'member'),(129,'Alexandra',6584,'member'),
(130,'Lisandra',6643,'member'),(131,'Acton',9707,'member'),(132,'Steven',3770,'member'),(133,'Chadwick',7222,'member'),
(134,'Upton',3462,'member'),(135,'Lareina',9201,'member'),(136,'Shaeleigh',7146,'member'),(137,'Lara',6763,'member'),
(138,'Tatyana',7340,'member'),(139,'Denise',8774,'member'),(140,'Ali',7862,'member'),(141,'Cora',9775,'member'),
(142,'Duncan',4524,'member'),(143,'Evangeline',7558,'member'),(144,'Nasim',5485,'member'),(145,'Griffith',8698,'member'),
(146,'Leroy',6975,'member'),(147,'Rhona',9792,'member'),(148,'Brandon',1844,'member'),(149,'Roary',1754,'member'),(150,'Elaine',2966,'member'),
(151,'Zachery',9395,'member'),(152,'Hyatt',5509,'member'),(153,'Yoshio',8234,'member'),(154,'Lana',6999,'member'),(155,'Lars',1595,'member'),
(156,'Lucy',5467,'member'),(157,'Baxter',4128,'member'),(158,'Sybill',1546,'member'),(159,'Karleigh',2432,'member'),(160,'Violet',9742,'member'),
(161,'Willow',9103,'member'),(162,'Gwendolyn',2165,'member'),(163,'Amir',3042,'member'),(164,'Denton',7602,'member'),(165,'Rhona',8362,'member'),
(166,'Mercedes',9614,'member'),(167,'Kameko',6622,'member'),(168,'Benedict',4564,'member'),(169,'Tad',7599,'member'),(170,'Clio',4869,'member'),
(171,'Melodie',3960,'member'),(172,'Echo',1129,'member'),(173,'Norman',8958,'member'),(174,'Nissim',1191,'member'),(175,'Quinn',5978,'member'),
(176,'Dacey',4112,'member'),(177,'Quon',3868,'member'),(178,'Halee',7602,'member'),(179,'Rafael',9991,'member'),(180,'Carolyn',6571,'member'),
(181,'Aimee',4220,'member'),(182,'Xyla',6192,'member'),(183,'Daphne',5708,'member'),(184,'Kibo',6184,'member'),(185,'Marcia',8394,'member'),
(186,'Daquan',4377,'member'),(187,'Alexander',7083,'member'),(188,'Avram',6490,'member'),(189,'Galvin',4205,'member'),(190,'Dolan',6709,'member'),
(191,'Neil',3082,'member'),(192,'Rosalyn',3902,'member'),(193,'Avye',5499,'member'),(194,'Ann',3536,'member'),(195,'Nadine',7458,'member'),
(196,'Belle',9237,'member'),(197,'Violet',5344,'member'),(198,'Leila',3930,'member'),(199,'Kylynn',3821,'member'),(200,'Beau',8207,'member'),
(201,'Charles',9144,'member'),(202,'Dalton',2536,'member'),(203,'Thomas',2500,'member'),(204,'Kelly',9270,'member'),(205,'Adria',2858,'member'),
(206,'Sawyer',6542,'member'),(207,'Carolyn',3814,'member'),(208,'Chiquita',1505,'member'),(209,'Ifeoma',4933,'member'),(210,'Tanner',3020,'member'),
(211,'Berk',5543,'member'),(212,'Reece',6928,'member'),(213,'Talon',9261,'member'),(214,'Melinda',2955,'member'),
(215,'Stone',2830,'member'),(216,'Jennifer',3928,'member'),(217,'Mira',8176,'member'),(218,'Nicholas',4273,'member'),
(219,'Karina',6340,'member'),(220,'Burton',2940,'member'),(221,'Adria',7029,'member'),(222,'Honorato',7601,'member'),
(223,'Clio',9890,'member'),(224,'Chastity',7367,'member'),(225,'Briar',5340,'member'),(226,'Colette',9296,'member'),
(227,'Oscar',2378,'member'),(228,'Piper',9811,'member'),(229,'Ori',1191,'member'),(230,'Ima',8579,'member'),(231,'Magee',9927,'member'),
(232,'John',2705,'member'),(233,'Veda',7730,'member'),(234,'Portia',7030,'member'),(235,'Wallace',2960,'member'),(236,'Timon',5762,'member'),
(237,'Nicole',1063,'member'),(238,'Quinlan',8305,'member'),(239,'Carl',5343,'member'),(240,'Marah',7968,'member'),(241,'Kareem',2999,'member'),
(242,'Aidan',5530,'member'),(243,'Cecilia',2792,'member'),(244,'Micah',1061,'member'),(245,'Sigourney',3297,'member'),(246,'Channing',6333,'member'),
(247,'Daniel',5266,'member'),(248,'Linus',2173,'member'),(249,'Neville',9019,'member'),(250,'Tiger',9667,'member'),(251,'Iola',8346,'member'),
(252,'Quail',4240,'member'),(253,'Tasha',5401,'member'),(254,'Echo',8408,'member'),(255,'Thor',5399,'member'),(256,'Ulric',1575,'member'),
(257,'Laurel',9902,'member'),(258,'Britanney',1035,'member'),(259,'Naomi',4757,'member'),(260,'Jorden',3418,'member'),(261,'India',8111,'member'),
(262,'Renee',9607,'member'),(263,'Craig',4515,'member'),(264,'Kellie',1470,'member'),(265,'Walter',4015,'member'),(266,'Samuel',7797,'member'),
(267,'Nathan',4218,'member'),(268,'Lani',4801,'member'),(269,'Aaron',1222,'member'),(270,'Lael',2092,'member'),(271,'Julian',9536,'member'),
(272,'Desirae',5476,'member'),(273,'Gray',8443,'member'),(274,'Hunter',6578,'member'),(275,'Samantha',6764,'member'),(276,'Valentine',4564,'member'),
(277,'Jacob',4887,'member'),(278,'Cherokee',1734,'member'),(279,'Evan',9487,'member'),(280,'Yoshio',9426,'member'),(281,'Tanya',2909,'member'),
(282,'Chanda',9913,'member'),(283,'Patrick',8989,'member'),(284,'Callum',4147,'member'),(285,'Hashim',2385,'member'),(286,'Lars',4804,'member'),
(287,'Shana',4197,'member'),(288,'Fleur',2968,'member'),(289,'Freya',3311,'member'),(290,'Louis',3387,'member'),(291,'Ora',4185,'member'),
(292,'Aline',2287,'member'),(293,'Daphne',2216,'member'),(294,'Quemby',3600,'member'),(295,'Scott',4223,'member'),(296,'Jamalia',2435,'member'),
(297,'Ronan',1425,'member'),(298,'Marcia',6169,'member'),(299,'Ahmed',3584,'member'),(300,'Philip',4967,'member'),(301,'Jocelyn',4911,'member'),
(302,'Axel',6198,'member'),(303,'Audrey',7918,'member'),(304,'Igor',1891,'member'),(305,'Madaline',9938,'member'),(306,'Ainsley',3580,'member'),
(307,'Jolie',7170,'member'),(308,'Shad',9677,'member'),(309,'Ian',1559,'member'),(310,'Deborah',5338,'member'),(311,'Shana',1699,'member'),
(312,'Ramona',9654,'member'),(313,'Colorado',3556,'member'),(314,'Georgia',8228,'member'),(315,'Carson',4736,'member'),(316,'Dawn',7211,'member'),
(317,'Melyssa',2962,'member'),(318,'Uta',8740,'member'),(319,'Liberty',9588,'member'),(320,'Quyn',5183,'member'),(321,'Jamal',1882,'member'),
(322,'Cally',9498,'member'),(323,'Marah',8763,'member'),(324,'Honorato',9681,'member'),(325,'Rooney',6856,'member'),(326,'Cadman',4420,'member'),
(327,'Octavius',2401,'member'),(328,'Luke',5326,'member'),(329,'Jayme',2010,'member'),(330,'Walter',4477,'member'),(331,'Courtney',4638,'member'),
(332,'Galvin',1699,'member'),(333,'Audra',1666,'member'),(334,'Latifah',3236,'member'),(335,'Audra',7791,'member'),(336,'Cheryl',2420,'member'),
(337,'Echo',4057,'member'),(338,'Cairo',9377,'member'),(339,'Phoebe',4349,'member'),(340,'Declan',5636,'member'),(341,'Rebekah',5301,'member'),
(342,'Lee',7998,'member'),(343,'Levi',5542,'member'),(344,'Kieran',6573,'member'),(345,'Hanna',1106,'member'),(346,'Indigo',8161,'member'),
(347,'Keegan',4389,'member'),(348,'Rashad',5218,'member'),(349,'Silas',1572,'member'),(350,'Chelsea',9961,'member'),(351,'Hu',6634,'member'),
(352,'May',9523,'member'),(353,'Sawyer',5863,'member'),(354,'Tatum',7523,'member'),(355,'Abra',2691,'member'),(356,'Buckminster',7906,'member'),
(357,'Imogene',9743,'member'),(358,'Kay',8283,'member'),(359,'Tobias',3640,'member'),(360,'Herman',8246,'member'),(361,'Rana',3089,'member'),
(362,'Faith',7228,'member'),(363,'Echo',5085,'member'),(364,'Dillon',2530,'member'),(365,'Magee',4444,'member'),(366,'Serina',1220,'member'),
(367,'Alfreda',7636,'member'),(368,'Timothy',6511,'member'),(369,'Aspen',9554,'member'),(370,'Wynne',6002,'member'),(371,'Leila',8465,'member'),
(372,'Bernard',6584,'member'),(373,'Chanda',5991,'member'),(374,'Aiko',4834,'member'),(375,'Tanner',4182,'member'),(376,'Raymond',4866,'member'),
(377,'Rhona',4270,'member'),(378,'Hilda',1941,'member'),(379,'Charles',5808,'member'),(380,'Porter',7750,'member'),(381,'Adam',4794,'member'),
(382,'Isaiah',9312,'member'),(383,'Christian',5808,'member'),(384,'Maile',4337,'member'),(385,'Flynn',8852,'member'),(386,'Raphael',3199,'member'),
(387,'Alan',8364,'member'),(388,'Mia',3216,'member'),(389,'Barrett',7052,'member'),(390,'Elvis',8909,'member'),(391,'Liberty',5746,'member'),
(392,'Tiger',8861,'member'),(393,'Philip',3896,'member'),(394,'Hoyt',3460,'member'),(395,'Beau',4298,'member'),(396,'Griffin',1345,'member'),
(397,'Nola',8423,'member'),(398,'Dolan',3965,'member'),(399,'Yardley',4873,'member'),(400,'Roary',7433,'member'),(401,'Giacomo',8911,'member'),
(402,'Jack',3018,'member'),(403,'Ivor',5192,'member'),(404,'Hyatt',7104,'member'),(405,'Kim',4574,'member'),(406,'Flynn',7760,'member'),
(407,'Kiona',6527,'member'),(408,'Elizabeth',1572,'member'),(409,'Noel',6200,'member'),(410,'Duncan',6603,'member'),(411,'Renee',7128,'member'),
(412,'Paul',2008,'member'),(413,'Hyacinth',8085,'member'),(414,'Micah',7651,'member'),(415,'Yolanda',9713,'member'),(416,'Lyle',2804,'member'),
(417,'Jamalia',4142,'member'),(418,'Germane',7813,'member'),(419,'Kermit',8953,'member'),(420,'Autumn',4184,'member'),(421,'Martin',5783,'member'),
(422,'Brenda',4429,'member'),(423,'Murphy',1849,'member'),(424,'Edward',7860,'member'),(425,'Galena',1257,'member'),(426,'Halee',1979,'member'),
(427,'Mira',8395,'member'),(428,'Uriel',1685,'member'),(429,'Aspen',8050,'member'),(430,'Hillary',5104,'member'),(431,'Lawrence',4649,'member'),
(432,'Zeph',9577,'member'),(433,'Lucian',3973,'member'),(434,'Carolyn',5138,'member'),(435,'Hermione',9232,'member'),(436,'Henry',8747,'member'),
(437,'Ariana',1429,'member'),(438,'Florence',8086,'member'),(439,'Blaine',1964,'member'),(440,'Neve',2685,'member'),(441,'Colorado',7567,'member'),
(442,'Ariana',6226,'member'),(443,'Tatiana',1968,'member'),(444,'Chloe',5155,'member'),(445,'Kylynn',8273,'member'),(446,'Linda',5214,'member'),
(447,'Mark',1611,'member'),(448,'Hamish',2587,'member'),(449,'Silas',7693,'member'),(450,'Stella',2766,'member'),(451,'Guy',5702,'member'),
(452,'Declan',3072,'member'),(453,'Channing',6898,'member'),(454,'Danielle',8469,'member'),(455,'Stone',7447,'member'),(456,'Lewis',7419,'member'),
(457,'Armando',1797,'member'),(458,'Cathleen',3935,'member'),(459,'Kelsie',5528,'member'),(460,'Willa',8086,'member'),(461,'Hedda',3867,'member'),
(462,'Benedict',8215,'member'),(463,'Jolene',6087,'member'),(464,'Daquan',4390,'member'),(465,'Oscar',5110,'member'),(466,'Mary',4478,'member'),
(467,'Nissim',9149,'member'),(468,'Sean',7727,'member'),(469,'Evelyn',1261,'member'),(470,'Marcia',4672,'member'),(471,'Flynn',9040,'member'),
(472,'Zahir',2403,'member'),(473,'Minerva',1884,'member'),(474,'Kelly',3751,'member'),(475,'Irma',9294,'member'),(476,'Joshua',3925,'member'),
(477,'Ingrid',3502,'member'),(478,'Breanna',8656,'member'),(479,'Zorita',5495,'member'),(480,'Marsden',9796,'member'),(481,'Sacha',4462,'member'),
(482,'Tallulah',9516,'member'),(483,'Minerva',2106,'member'),(484,'August',1571,'member'),(485,'Beck',6295,'member'),(486,'Tyler',4936,'member'),
(487,'Dominic',4584,'member'),(488,'Maggy',4531,'member'),(489,'Mercedes',6414,'member'),(490,'Zane',7114,'member'),(491,'Hakeem',9457,'member'),
(492,'Aline',9758,'member'),(493,'Brady',5605,'member'),(494,'Autumn',8099,'member'),(495,'MacKenzie',1278,'member'),(496,'Benjamin',3312,'member'),
(497,'Basia',1205,'member'),(498,'Troy',9358,'member'),(499,'Jessamine',9498,'member'),(500,'Aurora',6596,'member'),(501,'Moses',2528,'member'),
(502,'Plato',3352,'member'),(503,'Quinlan',7576,'member'),(504,'Cooper',2620,'member'),(505,'Ferdinand',5446,'member'),(506,'Angelica',6406,'member'),
(507,'Wilma',5679,'member'),(508,'Matthew',7819,'member'),(509,'Joy',4829,'member'),(510,'Ulla',9399,'member'),(511,'Iliana',8575,'member'),
(512,'John',5354,'member'),(513,'Joy',5327,'member'),(514,'Xanthus',6466,'member'),(515,'William',5377,'member'),(516,'Alvin',8996,'member'),
(517,'Nadine',6282,'member'),(518,'Kelly',7106,'member'),(519,'Randall',8922,'member'),(520,'Stuart',1631,'member'),(521,'Stephanie',5623,'member'),
(522,'Vance',7406,'member'),(523,'India',4707,'member'),(524,'Vance',2518,'member'),(525,'Judah',6586,'member'),(526,'Yardley',1613,'member'),
(527,'Erin',6988,'member'),(528,'Destiny',1934,'member'),(529,'Ethan',6273,'member'),(530,'Molly',8964,'member'),(531,'Clare',2503,'member'),
(532,'Brandon',3410,'member'),(533,'Marshall',5309,'member'),(534,'Julie',7937,'member'),(535,'Cynthia',9289,'member'),(536,'Jared',3099,'member'),
(537,'Jackson',7311,'member'),(538,'Driscoll',9957,'member'),(539,'Louis',9491,'member'),(540,'Demetrius',8417,'member'),(541,'Graham',5694,'member'),
(542,'Charde',5299,'member'),(543,'Talon',9739,'member'),(544,'Mara',8836,'member'),(545,'Nash',1851,'member'),(546,'August',6032,'member'),
(547,'Alec',1740,'member'),(548,'Derek',8751,'member'),(549,'Garrison',3651,'member'),(550,'Elton',4271,'member'),(551,'Knox',2084,'member'),
(552,'Maisie',7669,'member'),(553,'Belle',6215,'member'),(554,'Kevin',8716,'member'),(555,'Pearl',6439,'member'),(556,'Tarik',4144,'member'),
(557,'Amity',2016,'member'),(558,'Anastasia',1375,'member'),(559,'Delilah',3711,'member'),(560,'Norman',7833,'member'),(561,'Elmo',9800,'member'),
(562,'Sean',2304,'member'),(563,'Brielle',4112,'member'),(564,'Omar',6822,'member'),(565,'Lucas',5490,'member'),(566,'Theodore',7541,'member'),
(567,'Callie',5174,'member'),(568,'Daria',4415,'member'),(569,'Elaine',6825,'member'),(570,'Walter',5673,'member'),(571,'Jamal',9982,'member'),
(572,'Damon',1470,'member'),(573,'Ruth',7338,'member'),(574,'Kieran',6380,'member'),(575,'Lucius',5022,'member'),(576,'Melyssa',1983,'member'),
(577,'Baker',7829,'member'),(578,'Simone',9450,'member'),(579,'Madonna',2531,'member'),(580,'Price',7715,'member'),(581,'Delilah',4116,'member'),
(582,'Xanthus',8449,'member'),(583,'Amela',1669,'member'),(584,'Rahim',9291,'member'),(585,'Jana',3627,'member'),(586,'Scott',3909,'member'),
(587,'Wade',2112,'member'),(588,'Castor',9974,'member'),(589,'Delilah',6723,'member'),(590,'John',5684,'member'),(591,'Neil',3503,'member'),
(592,'Jane',5396,'member'),(593,'Emi',2128,'member'),(594,'Darrel',8144,'member'),(595,'Jana',6890,'member'),(596,'Libby',1196,'member'),
(597,'Christine',1580,'member'),(598,'Ingrid',1474,'member'),(599,'May',5966,'member'),(600,'Inga',3727,'member'),(601,'Zachary',2830,'member'),
(602,'Uriah',6765,'member'),(603,'Nina',9507,'member'),(604,'Doris',1886,'member'),(605,'Baker',5097,'member'),(606,'Dai',8546,'member'),
(607,'Bevis',3441,'member'),(608,'Dawn',7196,'member'),(609,'Wanda',9846,'member'),(610,'Yuli',8450,'member'),(611,'Jayme',1909,'member'),
(612,'Lillith',5941,'member'),(613,'Zephr',5283,'member'),(614,'Hiroko',1072,'member'),(615,'Dane',3383,'member'),(616,'Cameron',5099,'member'),
(617,'Piper',3364,'member'),(618,'Elijah',1942,'member'),(619,'Arsenio',1722,'member'),(620,'Merritt',6776,'member'),(621,'Hollee',6508,'member'),
(622,'Quynn',5308,'member'),(623,'Venus',7809,'member'),(624,'Raymond',1779,'member'),(625,'Blair',4857,'member'),(626,'Chandler',1887,'member'),
(627,'Jameson',1542,'member'),(628,'Bruno',1252,'member'),(629,'Cody',7076,'member'),(630,'Deanna',2173,'member'),(631,'Flynn',8602,'member'),
(632,'Aspen',4411,'member'),(633,'Kieran',2190,'member'),(634,'Beck',4041,'member'),(635,'Sage',8505,'member'),(636,'Dominic',8717,'member'),
(637,'Ryan',3438,'member'),(638,'Alea',1085,'member'),(639,'Emmanuel',7048,'member'),(640,'Alexis',7270,'member'),(641,'Gloria',5899,'member'),
(642,'September',2133,'member'),(643,'Hilel',3013,'member'),(644,'Griffin',5651,'member'),(645,'Janna',6072,'member'),(646,'Cain',1787,'member'),
(647,'Audra',9779,'member'),(648,'Wylie',1089,'member'),(649,'Kiara',1059,'member'),(650,'Kane',2474,'member'),(651,'Eden',3789,'member'),
(652,'Miranda',4745,'member'),(653,'Derek',1890,'member'),(654,'Cullen',1063,'member'),(655,'Clark',3869,'member'),(656,'Shannon',3417,'member'),
(657,'Prescott',2276,'member'),(658,'Cruz',2938,'member'),(659,'Irma',7669,'member'),(660,'Lamar',1528,'member'),(661,'Ian',9394,'member'),
(662,'Dolan',6548,'member'),(663,'India',2423,'member'),(664,'Salvador',5362,'member'),(665,'Jeanette',7808,'member'),(666,'Zorita',2632,'member'),
(667,'Gregory',3927,'member'),(668,'Glenna',3472,'member'),(669,'Lyle',6039,'member'),(670,'Quyn',4477,'member'),(671,'Keaton',5076,'member'),
(672,'Laurel',8829,'member'),(673,'Mollie',3044,'member'),(674,'Ima',5527,'member'),(675,'Faith',9988,'member'),(676,'Ann',8419,'member'),
(677,'Connor',5498,'member'),(678,'Stephanie',6083,'member'),(679,'Winter',1793,'member'),(680,'Kane',7162,'member'),(681,'Tyrone',4851,'member'),
(682,'Neville',3491,'member'),(683,'Tatyana',4433,'member'),(684,'Heidi',8705,'member'),(685,'Daniel',8318,'member'),(686,'Elaine',9716,'member'),
(687,'Colt',6348,'member'),(688,'Clinton',6022,'member'),(689,'Tana',2539,'member'),(690,'Meghan',9602,'member'),(691,'Jacqueline',5039,'member'),
(692,'Zenia',1069,'member'),(693,'Xenos',2881,'member'),(694,'Holmes',2831,'member'),(695,'Isaac',9001,'member'),(696,'Maile',6385,'member'),
(697,'Jack',6958,'member'),(698,'Levi',9216,'member'),(699,'Cole',6418,'member'),(700,'Kato',2772,'member'),(701,'Ezekiel',6780,'member'),
(702,'Judah',6912,'member'),(703,'Darrel',6011,'member'),(704,'Kirk',4565,'member'),(705,'Calista',5215,'member'),(706,'Joel',5672,'member'),
(707,'Brittany',7952,'member'),(708,'George',5406,'member'),(709,'Silas',1188,'member'),(710,'Erich',1887,'member'),(711,'Janna',3676,'member'),
(712,'Jessamine',7364,'member'),(713,'Lillian',6152,'member'),(714,'Keith',8758,'member'),(715,'Dexter',1665,'member'),
(716,'Jemima',4976,'member'),(717,'Wing',1666,'member'),(718,'Hayfa',4887,'member'),(719,'Linda',1006,'member'),(720,'Cain',6646,'member'),
(721,'Armand',2352,'member'),(722,'Ahmed',5744,'member'),(723,'Ronan',1240,'member'),(724,'Neville',9045,'member'),(725,'Rogan',3278,'member'),
(726,'Olympia',6747,'member'),(727,'Sade',1144,'member'),(728,'Ima',8623,'member'),(729,'Aubrey',6137,'member'),(730,'Jillian',4172,'member'),
(731,'Yoshio',4649,'member'),(732,'Alyssa',6776,'member'),(733,'Moses',4397,'member'),(734,'Cora',1792,'member'),(735,'Oscar',1142,'member'),
(736,'Jescie',8200,'member'),(737,'Zoe',8707,'member'),(738,'Galena',4862,'member'),(739,'Lars',3095,'member'),(740,'Karly',2865,'member'),
(741,'Sara',8687,'member'),(742,'Jared',3993,'member'),(743,'Dai',7054,'member'),(744,'Denton',2117,'member'),(745,'Dorian',5588,'member'),
(746,'Meredith',5719,'member'),(747,'Jerome',6776,'member'),(748,'Armand',8701,'member'),(749,'Conan',6320,'member'),(750,'Drew',6997,'member'),
(751,'Imelda',9837,'member'),(752,'Fiona',6439,'member'),(753,'Amethyst',2111,'member'),(754,'Yasir',1532,'member'),(755,'Illana',5378,'member'),
(756,'Abel',2251,'member'),(757,'Briar',6673,'member'),(758,'Jena',7891,'member'),(759,'Walker',1709,'member'),(760,'Kitra',7875,'member'),
(761,'Brenden',2175,'member'),(762,'Tamekah',2152,'member'),(763,'Ivor',8594,'member'),(764,'Carlos',4163,'member'),(765,'Ferris',3183,'member'),
(766,'Cameron',8847,'member'),(767,'Kelly',1244,'member'),(768,'Cecilia',6253,'member'),(769,'Maris',2580,'member'),(770,'Myles',4773,'member'),
(771,'Francesca',8759,'member'),(772,'Deanna',4324,'member'),(773,'Hamilton',7619,'member'),(774,'Penelope',3610,'member'),(775,'Aiko',8805,'member'),
(776,'Charlotte',5167,'member'),(777,'Wylie',9303,'member'),(778,'Colby',6507,'member'),(779,'Lillian',1251,'member'),(780,'Kadeem',6462,'member'),
(781,'Harding',8761,'member'),(782,'Maris',7139,'member'),(783,'Jenette',6363,'member'),(784,'Piper',8742,'member'),(785,'Isaac',4852,'member'),
(786,'Jacob',3951,'member'),(787,'Maya',9578,'member'),(788,'Martina',3759,'member'),(789,'Ocean',6376,'member'),(790,'Martina',1546,'member'),
(791,'Briar',6460,'member'),(792,'Keith',6510,'member'),(793,'Maggie',5183,'member'),(794,'Carter',6566,'member'),(795,'Garrison',3830,'member'),
(796,'Abra',4410,'member'),(797,'Brian',2658,'member'),(798,'Skyler',5221,'member'),(799,'Ciaran',1267,'member'),(800,'Moana',5506,'member'),
(801,'Kevyn',1819,'member'),(802,'Merrill',6706,'member'),(803,'Latifah',4149,'member'),(804,'Nyssa',6299,'member'),(805,'Chandler',9829,'member'),
(806,'Maxine',1519,'member'),(807,'Jordan',8465,'member'),(808,'Karyn',3097,'member'),(809,'Amelia',9957,'member'),(810,'Chase',8752,'member'),
(811,'Ivana',3119,'member'),(812,'Thomas',4215,'member'),(813,'Michelle',9659,'member'),(814,'Kenyon',1788,'member'),(815,'Blossom',9261,'member'),
(816,'Simon',2745,'member'),(817,'Mohammad',8752,'member'),(818,'Catherine',7638,'member'),(819,'Margaret',1746,'member'),(820,'Stephanie',6683,'member'),
(821,'Howard',4796,'member'),(822,'Beverly',9983,'member'),(823,'Preston',1791,'member'),(824,'Charity',7617,'member'),(825,'Cedric',7613,'member'),
(826,'Quentin',4688,'member'),(827,'Vera',1599,'member'),(828,'Ishmael',1124,'member'),(829,'Nathaniel',5713,'member'),(830,'Amelia',6970,'member'),
(831,'Kiayada',8587,'member'),(832,'Bree',2650,'member'),(833,'Kelsie',9620,'member'),(834,'Darius',7973,'member'),(835,'Emma',1239,'member'),
(836,'Ryder',6904,'member'),(837,'Norman',4853,'member'),(838,'Hedley',4110,'member'),(839,'Hilda',7412,'member'),(840,'Judah',8361,'member'),
(841,'Jerome',9288,'member'),(842,'Kane',4486,'member'),(843,'Kirby',5626,'member'),(844,'Lacey',8549,'member'),(845,'Yasir',8462,'member'),
(846,'Jeremy',5410,'member'),(847,'Bethany',2228,'member'),(848,'Nolan',1865,'member'),(849,'Taylor',5229,'member'),(850,'Yvette',6435,'member'),
(851,'Branden',8355,'member'),(852,'Fitzgerald',3562,'member'),(853,'Quin',2379,'member'),(854,'Jeanette',8573,'member'),(855,'Sigourney',9339,'member'),
(856,'Hanae',2274,'member'),(857,'Emmanuel',6701,'member'),(858,'Elaine',3759,'member'),(859,'Barbara',1458,'member'),(860,'Ivy',6133,'member'),
(861,'Kristen',9926,'member'),(862,'Calvin',6399,'member'),(863,'Octavia',9831,'member'),(864,'Prescott',5792,'member'),(865,'Barclay',2483,'member'),
(866,'Fleur',8914,'member'),(867,'Ariel',9425,'member'),(868,'Chiquita',1688,'member'),(869,'Anthony',7931,'member'),(870,'Cathleen',4747,'member'),
(871,'Jerry',3924,'member'),(872,'Ferris',6407,'member'),(873,'Kaye',2137,'member'),(874,'Dante',2971,'member'),(875,'Xerxes',2921,'member'),
(876,'Callie',8174,'member'),(877,'Charde',8621,'member'),(878,'Jana',1554,'member'),(879,'Xantha',9439,'member'),(880,'Austin',4697,'member'),
(881,'Brock',5332,'member'),(882,'Harlan',1103,'member'),(883,'Rebekah',2736,'member'),(884,'Vaughan',6846,'member'),(885,'Chloe',2277,'member'),
(886,'Ulla',8859,'member'),(887,'Blake',6064,'member'),(888,'Wylie',9523,'member'),(889,'Malcolm',1189,'member'),(890,'Kathleen',4329,'member'),
(891,'Valentine',7875,'member'),(892,'Clinton',6998,'member'),(893,'Octavia',5037,'member'),(894,'Judah',7460,'member'),(895,'Portia',7207,'member'),
(896,'Adrienne',9010,'member'),(897,'Cheryl',5684,'member'),(898,'Russell',3184,'member'),(899,'Dai',6218,'member'),(900,'Leigh',5762,'member'),
(901,'Flavia',8262,'member'),(902,'Gareth',8677,'member'),(903,'Graiden',5708,'member'),(904,'Petra',6466,'member'),(905,'Kelsey',1557,'member'),
(906,'Hamilton',9222,'member'),(907,'Jamal',9595,'member'),(908,'Karen',6891,'member'),(909,'Elijah',5239,'member'),(910,'Abdul',9793,'member'),
(911,'Mariko',1584,'member'),(912,'Ariana',6675,'member'),(913,'Cameron',1749,'member'),(914,'Cody',5427,'member'),(915,'Mari',1207,'member'),
(916,'Leilani',4328,'member'),(917,'Kyle',3753,'member'),(918,'Nathaniel',7803,'member'),(919,'Brian',2550,'member'),(920,'Demetria',4774,'member'),
(921,'Callum',5333,'member'),(922,'Geoffrey',3166,'member'),(923,'Calista',2083,'member'),(924,'Kadeem',5875,'member'),(925,'Colt',6112,'member'),
(926,'Ivory',2355,'member'),(927,'Harrison',6455,'member'),(928,'Mary',5810,'member'),(929,'Leroy',7008,'member'),(930,'Florence',7869,'member'),
(931,'Debra',6169,'member'),(932,'Kibo',7450,'member'),(933,'Levi',4329,'member'),(934,'Tatum',9422,'member'),(935,'Pearl',4317,'member'),
(936,'Lucy',3681,'member'),(937,'Quin',4710,'member'),(938,'Conan',9764,'member'),(939,'Herrod',4087,'member'),(940,'Reese',7499,'member'),
(941,'Moana',3064,'member'),(942,'Harding',4207,'member'),(943,'Daniel',3985,'member'),(944,'Autumn',2632,'member'),(945,'Nerea',4801,'member'),
(946,'Neville',8838,'member'),(947,'Kamal',4691,'member'),(948,'Kai',6052,'member'),(949,'Maggie',8028,'member'),(950,'Leonard',8444,'member'),
(951,'Hanae',1305,'member'),(952,'Honorato',7412,'member'),(953,'Rigel',8643,'member'),(954,'Laura',4558,'member'),(955,'George',4585,'member'),
(956,'Bianca',2970,'member'),(957,'Wyoming',1207,'member'),(958,'Mia',3366,'member'),(959,'Edward',3893,'member'),(960,'Mary',6946,'member'),
(961,'Deanna',8304,'member'),(962,'Buckminster',1371,'member'),(963,'Charissa',4286,'member'),(964,'Colleen',1532,'member'),(965,'Tara',4799,'member'),
(966,'Roary',9574,'member'),(967,'Melvin',4459,'member'),(968,'Yael',2998,'member'),(969,'Alana',4834,'member'),(970,'Kimberley',9843,'member'),
(971,'Leandra',7833,'member'),(972,'Eagan',3546,'member'),(973,'Iliana',3391,'member'),(974,'Raven',4253,'member'),(975,'Delilah',3963,'member'),
(976,'Kameko',7311,'member'),(977,'Petra',1601,'member'),(978,'Merritt',5534,'member'),(979,'Kermit',6319,'member'),(980,'Jason',3603,'member'),
(981,'Quyn',5522,'member'),(982,'Channing',6369,'member'),(983,'Julie',4791,'member'),(984,'Flavia',3492,'member'),(985,'Francesca',6458,'member'),
(986,'Aimee',8082,'member'),(987,'Lars',3048,'member'),(988,'Sandra',6101,'member'),(989,'Ahmed',5125,'member'),(990,'Anjolie',9120,'member'),
(991,'Raphael',3785,'member'),(992,'Alexis',6780,'member'),(993,'Deirdre',5398,'member'),(994,'Jenette',6908,'member'),(995,'Austin',6451,'member'),
(996,'Wyatt',9591,'member'),(997,'Erich',1186,'member'),(998,'Austin',8826,'member'),(999,'Francis',9920,'member'),(1000,'Vielka',6328,'member'),
(1001,'Phelan',4629,'member'),(1002,'Herman',9920,'member'),(1003,'Ivan',2550,'member'),
(1004,'Uriel',8266,'trainer'),(1005,'Colby',7524,'trainer'),(1006,'Joshua',4955,'trainer'),
(1007,'Chaney',8105,'trainer'),(1008,'Rachel',5534,'trainer'),(1009,'Desirae',7292,'trainer'),
(1010,'Pascale',4815,'trainer'),(1011,'Clio',7625,'trainer'),(1012,'Jakeem',2468,'trainer'),(1013,'Macaulay',6018,'trainer'),
(1014,'Beverly',1024,'trainer'),(1015,'Savannah',3048,'trainer'),(1016,'Baxter',9898,'trainer'),(1017,'MacKensie',3342,'trainer'),
(1018,'Karleigh',1761,'trainer'),(1019,'Christian',1754,'trainer'),(1020,'Debra',9586,'trainer'),(1021,'Marshall',7616,'trainer');
/*---------------------------------------------------------------------------------------------------------------------*/
CREATE TABLE member(
MemberID int NOT NULL,
UserID int NOT NULL,
FirstName varchar(20) NOT NULL,
LastName varchar(20) NOT NULL,
Email varchar(100) NOT NULL,
DateOfBirth date NOT NULL,
JoinedDate date NOT NULL,
LeftDate date,
Photo bytea,
Note varchar(9000),
NewsLetterSubscription boolean,
MembershipExpiryDate date NOT NULL,
PaymentPlan varchar(100) NOT NULL,
PRIMARY KEY (MemberID),
FOREIGN KEY (UserID) REFERENCES userlog(UserID),
CONSTRAINT chk_date CHECK ((JoinedDate <= LeftDate))
);
/*---------------------------------------------------------------------------------------------------------------------*/
INSERT INTO member (MemberID, UserID, FirstName, LastName, Email, DateOfBirth, JoinedDate, LeftDate, Photo, Note, NewsLetterSubscription, MembershipExpiryDate, PaymentPlan) VALUES 
(4, 4, 'Nick', 'Nick', 'Nick@gmail.com', '1991-12-01', '2020-12-01', null, '\x', null, 'Y', '2021-12-01', 'Yearly'),
(5, 5, 'kel', 'kel', 'kel@gmail.com', '1991-11-01', '2020-12-01', null, '\x', null, 'N', '2021-01-01', 'Monthly'),
(6, 6, 'lucia', 'lucia', 'lucia@gmail.com', '1990-06-01', '2020-11-30', null, '\x', null, 'N', '2020-12-30', 'Monthly'),
(7, 7, 'john', 'john', 'john@gmail.com', '1990-08-01', '2020-11-20', null, '\x', null, 'Y', '2021-11-20', 'Yearly'),
(8, 8, 'sunil', 'sunil', 'sunil@gmail.com', '1989-08-01', '2020-11-25', null, '\x', null, 'N', '2021-11-25', 'Yearly');
/*yearly*/
INSERT INTO member (MemberID,UserID,FirstName,LastName,Email,DateOfBirth,JoinedDate,LeftDate,Photo,Note,NewsLetterSubscription,MembershipExpiryDate,PaymentPlan) VALUES (9,9,'Gregory','Houston','ornare.sagittis.felis@sagittisNullam.com','1992-10-24','2020-11-16',null,'\x',null,'N','2021-11-16','Yearly'),(10,10,'Hedwig','Baker','Vestibulum@tempusscelerisquelorem.ca','1995-03-02','2020-11-16',null,'\x',null,'N','2021-11-16','Yearly'),(11,11,'Kenyon','Hughes','Phasellus@ridiculus.ca','1992-11-02','2020-11-16',null,'\x',null,'N','2021-11-16','Yearly'),(12,12,'Tobias','Mcclure','montes@luctusetultrices.com','1997-01-25','2020-11-16',null,'\x',null,'Y','2021-11-16','Yearly'),(13,13,'Rylee','Kent','lobortis@afeugiattellus.com','1995-02-06','2020-11-16',null,'\x',null,'Y','2021-11-16','Yearly'),(14,14,'Nerea','Trujillo','eleifend.Cras@Aliquam.ca','1996-05-15','2020-11-16',null,'\x',null,'N','2021-11-16','Yearly'),(15,15,'Asher','Kirk','adipiscing.non@loremvehicula.net','1997-03-08','2020-11-16',null,'\x',null,'Y','2021-11-16','Yearly'),(16,16,'Todd','Wilkerson','aliquet.odio@sedturpisnec.net','1996-11-06','2020-11-16',null,'\x',null,'N','2021-11-16','Yearly'),(17,17,'Camilla','Patel','Quisque.porttitor.eros@vehicula.ca','1992-03-15','2020-11-16',null,'\x',null,'Y','2021-11-16','Yearly'),(18,18,'Nolan','Allison','laoreet.posuere@nequepellentesquemassa.net','1994-12-22','2020-11-16',null,'\x',null,'N','2021-11-16','Yearly');
INSERT INTO member (MemberID,UserID,FirstName,LastName,Email,DateOfBirth,JoinedDate,LeftDate,Photo,Note,NewsLetterSubscription,MembershipExpiryDate,PaymentPlan) VALUES (19,19,'Melvin','Underwood','et.rutrum@semperet.net','1996-01-15','2020-11-16',null,'\x',null,'N','2021-11-16','Yearly'),(20,20,'Hamish','Weiss','turpis@nonlobortis.edu','1993-04-06','2020-11-16',null,'\x',null,'Y','2021-11-16','Yearly'),(21,21,'Steel','Glass','ultrices.posuere@enimSednulla.net','1996-01-13','2020-11-16',null,'\x',null,'Y','2021-11-16','Yearly'),(22,22,'Yasir','Browning','eu@sociis.com','1997-05-29','2020-11-16',null,'\x',null,'Y','2021-11-16','Yearly'),(23,23,'Hyatt','Winters','accumsan@quis.edu','1997-07-11','2020-11-16',null,'\x',null,'Y','2021-11-16','Yearly'),(24,24,'Yuli','Harvey','scelerisque.mollis@atsem.org','1994-09-23','2020-11-16',null,'\x',null,'Y','2021-11-16','Yearly'),(25,25,'Oliver','Wilson','aliquam@lacusNulla.com','1994-07-13','2020-11-16',null,'\x',null,'N','2021-11-16','Yearly'),(26,26,'Jordan','Velez','Nunc.sed@vitaepurusgravida.com','1997-11-07','2020-11-16',null,'\x',null,'N','2021-11-16','Yearly'),(27,27,'Jocelyn','King','eget.ipsum@libero.co.uk','1992-11-02','2020-11-16',null,'\x',null,'Y','2021-11-16','Yearly'),(28,28,'Ryan','Colon','vel.pede.blandit@Suspendisse.org','1996-05-30','2020-11-16',null,'\x',null,'N','2021-11-16','Yearly');
INSERT INTO member (MemberID,UserID,FirstName,LastName,Email,DateOfBirth,JoinedDate,LeftDate,Photo,Note,NewsLetterSubscription,MembershipExpiryDate,PaymentPlan) VALUES (29,29,'Amery','Gross','lorem@odioauctor.edu','1995-11-03','2020-11-16',null,'\x',null,'N','2021-11-16','Yearly'),(30,30,'Cara','Conner','Ut.sagittis.lobortis@urna.org','1994-08-29','2020-11-16',null,'\x',null,'Y','2021-11-16','Yearly'),(31,31,'Xyla','Franklin','non.feugiat.nec@aliquet.co.uk','1993-12-24','2020-11-16',null,'\x',null,'N','2021-11-16','Yearly'),(32,32,'Keaton','Delacruz','Etiam.laoreet.libero@loremeu.org','1995-11-21','2020-11-16',null,'\x',null,'Y','2021-11-16','Yearly'),(33,33,'Ivory','Obrien','eget.varius@auguemalesuada.net','1994-08-19','2020-11-16',null,'\x',null,'Y','2021-11-16','Yearly'),(34,34,'Plato','Kirk','Integer.eu.lacus@eumetus.com','1993-08-27','2020-11-16',null,'\x',null,'N','2021-11-16','Yearly'),(35,35,'Ashton','Landry','a@Quisque.com','1995-12-18','2020-11-16',null,'\x',null,'Y','2021-11-16','Yearly'),(36,36,'Bert','Roach','elit@sitamet.edu','1995-01-27','2020-11-16',null,'\x',null,'Y','2021-11-16','Yearly'),(37,37,'Kaitlin','Yang','natoque@dolorsitamet.net','1992-10-21','2020-11-16',null,'\x',null,'N','2021-11-16','Yearly'),(38,38,'Sean','Cervantes','primis.in@sedpedeCum.co.uk','1993-02-08','2020-11-16',null,'\x',null,'Y','2021-11-16','Yearly');
INSERT INTO member (MemberID,UserID,FirstName,LastName,Email,DateOfBirth,JoinedDate,LeftDate,Photo,Note,NewsLetterSubscription,MembershipExpiryDate,PaymentPlan) VALUES (39,39,'Edward','Rice','tellus@magnaSed.edu','1997-04-26','2020-11-16',null,'\x',null,'Y','2021-11-16','Yearly'),(40,40,'Charissa','Goodwin','orci.adipiscing@magna.edu','1992-10-20','2020-11-16',null,'\x',null,'Y','2021-11-16','Yearly'),(41,41,'Jaime','Sykes','in.molestie.tortor@Quisque.org','1993-06-30','2020-11-16',null,'\x',null,'N','2021-11-16','Yearly'),(42,42,'Ursula','Haley','leo.elementum.sem@Sed.ca','1995-07-06','2020-11-16',null,'\x',null,'Y','2021-11-16','Yearly'),(43,43,'Samuel','Head','scelerisque@Proinsed.com','1995-09-26','2020-11-16',null,'\x',null,'Y','2021-11-16','Yearly'),(44,44,'Harding','Alvarado','et.commodo@odio.net','1994-07-30','2020-11-16',null,'\x',null,'Y','2021-11-16','Yearly'),(45,45,'Merritt','Mccarty','eleifend.egestas@ornareplacerat.com','1993-11-07','2020-11-16',null,'\x',null,'Y','2021-11-16','Yearly'),(46,46,'Carissa','Parks','nulla.at.sem@sociisnatoque.com','1996-11-15','2020-11-16',null,'\x',null,'Y','2021-11-16','Yearly'),(47,47,'Caldwell','Greene','egestas.Duis@dictum.co.uk','1994-03-29','2020-11-16',null,'\x',null,'Y','2021-11-16','Yearly'),(48,48,'Duncan','Bentley','dolor@amet.net','1992-02-18','2020-11-16',null,'\x',null,'N','2021-11-16','Yearly');
INSERT INTO member (MemberID,UserID,FirstName,LastName,Email,DateOfBirth,JoinedDate,LeftDate,Photo,Note,NewsLetterSubscription,MembershipExpiryDate,PaymentPlan) VALUES (49,49,'Lenore','Conley','Vivamus.nibh@fermentumvelmauris.org','1993-06-23','2020-11-16',null,'\x',null,'N','2021-11-16','Yearly'),(50,50,'Abraham','Sellers','rutrum@odioAliquam.org','1994-04-15','2020-11-16',null,'\x',null,'Y','2021-11-16','Yearly'),(51,51,'Rudyard','Drake','mollis@Mauris.co.uk','1993-04-13','2020-11-16',null,'\x',null,'N','2021-11-16','Yearly'),(52,52,'Oscar','Tyler','ultrices@liberoatauctor.edu','1995-10-28','2020-11-16',null,'\x',null,'N','2021-11-16','Yearly'),(53,53,'Lael','Cardenas','rutrum.urna@pede.co.uk','1994-11-28','2020-11-16',null,'\x',null,'Y','2021-11-16','Yearly'),(54,54,'Eugenia','Christensen','interdum.libero@imperdiet.edu','1997-08-17','2020-11-16',null,'\x',null,'N','2021-11-16','Yearly'),(55,55,'Ethan','Buchanan','nec@aliquam.co.uk','1994-08-11','2020-11-16',null,'\x',null,'Y','2021-11-16','Yearly'),(56,56,'Duncan','Maddox','libero.Integer@semsemper.edu','1995-11-27','2020-11-16',null,'\x',null,'N','2021-11-16','Yearly'),(57,57,'Marsden','Fry','in.felis@necluctus.org','1996-05-30','2020-11-16',null,'\x',null,'Y','2021-11-16','Yearly'),(58,58,'Jackson','Welch','laoreet.lectus@egestas.org','1996-02-29','2020-11-16',null,'\x',null,'N','2021-11-16','Yearly');
INSERT INTO member (MemberID,UserID,FirstName,LastName,Email,DateOfBirth,JoinedDate,LeftDate,Photo,Note,NewsLetterSubscription,MembershipExpiryDate,PaymentPlan) VALUES (59,59,'Emerson','Lambert','euismod@sitametluctus.net','1994-02-13','2020-11-16',null,'\x',null,'N','2021-11-16','Yearly'),(60,60,'Lilah','Short','quis.tristique.ac@sed.ca','1993-03-01','2020-11-16',null,'\x',null,'Y','2021-11-16','Yearly'),(61,61,'Fay','Sanford','vitae.sodales@fermentumrisusat.edu','1992-08-31','2020-11-16',null,'\x',null,'Y','2021-11-16','Yearly'),(62,62,'Mark','Branch','Quisque.tincidunt.pede@mollis.edu','1996-04-10','2020-11-16',null,'\x',null,'N','2021-11-16','Yearly'),(63,63,'Zelda','Russo','Quisque.porttitor.eros@vulputate.edu','1997-12-13','2020-11-16',null,'\x',null,'N','2021-11-16','Yearly'),(64,64,'Vivien','Stephens','tellus.Aenean.egestas@elementum.edu','1994-05-06','2020-11-16',null,'\x',null,'Y','2021-11-16','Yearly'),(65,65,'Wing','Coleman','Maecenas.mi.felis@ataugue.org','1992-10-21','2020-11-16',null,'\x',null,'N','2021-11-16','Yearly'),(66,66,'Joseph','Irwin','et.malesuada.fames@nuncsitamet.com','1996-04-04','2020-11-16',null,'\x',null,'Y','2021-11-16','Yearly'),(67,67,'Matthew','Soto','porta.elit@tinciduntdui.edu','1996-02-20','2020-11-16',null,'\x',null,'N','2021-11-16','Yearly'),(68,68,'Deanna','Hurst','venenatis.a.magna@pharetra.org','1993-01-27','2020-11-16',null,'\x',null,'N','2021-11-16','Yearly');
INSERT INTO member (MemberID,UserID,FirstName,LastName,Email,DateOfBirth,JoinedDate,LeftDate,Photo,Note,NewsLetterSubscription,MembershipExpiryDate,PaymentPlan) VALUES (69,69,'Karly','Mullen','euismod.est@dictumeu.com','1994-08-02','2020-11-16',null,'\x',null,'N','2021-11-16','Yearly'),(70,70,'Martena','Dawson','a.enim.Suspendisse@rutrum.edu','1992-08-26','2020-11-16',null,'\x',null,'N','2021-11-16','Yearly'),(71,71,'Russell','Cabrera','et@eleifendnec.ca','1993-12-22','2020-11-16',null,'\x',null,'N','2021-11-16','Yearly'),(72,72,'Anne','Payne','ullamcorper.viverra@tellus.ca','1995-10-17','2020-11-16',null,'\x',null,'N','2021-11-16','Yearly'),(73,73,'Heather','Coffey','porttitor.tellus.non@Nuncacsem.org','1992-01-04','2020-11-16',null,'\x',null,'N','2021-11-16','Yearly'),(74,74,'Gray','Patel','blandit@milacinia.net','1996-07-21','2020-11-16',null,'\x',null,'Y','2021-11-16','Yearly'),(75,75,'Robin','Riddle','vulputate.mauris.sagittis@senectuset.net','1994-02-27','2020-11-16',null,'\x',null,'N','2021-11-16','Yearly'),(76,76,'Christopher','Petty','et.nunc.Quisque@erateget.ca','1992-04-09','2020-11-16',null,'\x',null,'Y','2021-11-16','Yearly'),(77,77,'Madison','Strickland','sagittis.Duis@vitaepurus.com','1997-10-08','2020-11-16',null,'\x',null,'Y','2021-11-16','Yearly'),(78,78,'Xavier','Myers','purus.Duis@velconvallis.ca','1992-09-07','2020-11-16',null,'\x',null,'Y','2021-11-16','Yearly');
INSERT INTO member (MemberID,UserID,FirstName,LastName,Email,DateOfBirth,JoinedDate,LeftDate,Photo,Note,NewsLetterSubscription,MembershipExpiryDate,PaymentPlan) VALUES (79,79,'Willa','Riddle','accumsan.interdum@Mauris.com','1996-06-26','2020-11-16',null,'\x',null,'N','2021-11-16','Yearly'),(80,80,'Azalia','Cook','pede.malesuada.vel@Ut.net','1992-07-26','2020-11-16',null,'\x',null,'Y','2021-11-16','Yearly'),(81,81,'Madonna','Wise','vel.lectus@enim.org','1992-05-01','2020-11-16',null,'\x',null,'N','2021-11-16','Yearly'),(82,82,'Dexter','Guerrero','tellus.sem@enimSuspendissealiquet.net','1995-08-09','2020-11-16',null,'\x',null,'Y','2021-11-16','Yearly'),(83,83,'Delilah','Parrish','malesuada@Proinnon.net','1992-02-24','2020-11-16',null,'\x',null,'N','2021-11-16','Yearly'),(84,84,'Grady','Faulkner','sit.amet.faucibus@nulla.org','1992-08-05','2020-11-16',null,'\x',null,'N','2021-11-16','Yearly'),(85,85,'Blair','Holcomb','lorem@nulla.edu','1997-07-14','2020-11-16',null,'\x',null,'N','2021-11-16','Yearly'),(86,86,'Breanna','Torres','tempor@loremvitae.co.uk','1994-08-18','2020-11-16',null,'\x',null,'Y','2021-11-16','Yearly'),(87,87,'Wyoming','William','quis.pede.Praesent@erosProin.com','1995-09-16','2020-11-16',null,'\x',null,'N','2021-11-16','Yearly'),(88,88,'Shoshana','Knowles','non.bibendum.sed@Etiambibendumfermentum.edu','1994-10-19','2020-11-16',null,'\x',null,'N','2021-11-16','Yearly');
INSERT INTO member (MemberID,UserID,FirstName,LastName,Email,DateOfBirth,JoinedDate,LeftDate,Photo,Note,NewsLetterSubscription,MembershipExpiryDate,PaymentPlan) VALUES (89,89,'Xantha','Maxwell','sed.est@acmi.com','1997-03-03','2020-11-16',null,'\x',null,'Y','2021-11-16','Yearly'),(90,90,'Cameron','Mcknight','faucibus.lectus.a@rutrum.co.uk','1997-05-02','2020-11-16',null,'\x',null,'Y','2021-11-16','Yearly'),(91,91,'Oliver','Daniels','volutpat.Nulla@Aliquamornare.edu','1997-08-22','2020-11-16',null,'\x',null,'Y','2021-11-16','Yearly'),(92,92,'Mechelle','Blankenship','tempus.mauris.erat@Integerurna.co.uk','1996-06-30','2020-11-16',null,'\x',null,'Y','2021-11-16','Yearly'),(93,93,'Melinda','Mccray','vitae.aliquam@atvelit.edu','1992-07-15','2020-11-16',null,'\x',null,'Y','2021-11-16','Yearly'),(94,94,'Joshua','Mclean','tincidunt@Etiamgravidamolestie.org','1994-08-03','2020-11-16',null,'\x',null,'Y','2021-11-16','Yearly'),(95,95,'Armando','Ramsey','lacus.Etiam@Nullam.net','1997-07-16','2020-11-16',null,'\x',null,'N','2021-11-16','Yearly'),(96,96,'Ignatius','Graham','ac.metus@Phasellusfermentum.com','1995-03-16','2020-11-16',null,'\x',null,'Y','2021-11-16','Yearly'),(97,97,'Abraham','Hall','consectetuer.adipiscing@risusNullaeget.ca','1994-01-04','2020-11-16',null,'\x',null,'N','2021-11-16','Yearly'),(98,98,'Perry','Nelson','Vivamus@magna.org','1993-09-26','2020-11-16',null,'\x',null,'Y','2021-11-16','Yearly');
INSERT INTO member (MemberID,UserID,FirstName,LastName,Email,DateOfBirth,JoinedDate,LeftDate,Photo,Note,NewsLetterSubscription,MembershipExpiryDate,PaymentPlan) VALUES (99,99,'Cathleen','Church','ultricies.dignissim.lacus@consequatenimdiam.com','1995-01-24','2020-11-16',null,'\x',null,'Y','2021-11-16','Yearly'),(100,100,'Eden','Brewer','rutrum.non@Vivamussit.edu','1995-07-25','2020-11-16',null,'\x',null,'N','2021-11-16','Yearly'),(101,101,'Charles','Myers','Pellentesque@parturientmontes.com','1992-04-19','2020-11-16',null,'\x',null,'Y','2021-11-16','Yearly'),(102,102,'Tucker','Patton','arcu@gravidanon.ca','1993-01-26','2020-11-16',null,'\x',null,'Y','2021-11-16','Yearly'),(103,103,'Lucian','Curry','sit.amet@Aliquameratvolutpat.net','1995-05-27','2020-11-16',null,'\x',null,'Y','2021-11-16','Yearly'),(104,104,'Lyle','Henderson','magna.Phasellus@aultriciesadipiscing.co.uk','1993-03-06','2020-11-16',null,'\x',null,'N','2021-11-16','Yearly'),(105,105,'Liberty','Buck','a.arcu.Sed@sollicitudincommodo.net','1992-03-03','2020-11-16',null,'\x',null,'N','2021-11-16','Yearly'),(106,106,'Amir','Harding','Sed.malesuada@pedemalesuadavel.net','1997-04-11','2020-11-16',null,'\x',null,'N','2021-11-16','Yearly'),(107,107,'Wallace','Owen','mus.Proin.vel@pede.org','1995-12-24','2020-11-16',null,'\x',null,'Y','2021-11-16','Yearly'),(108,108,'Lysandra','Cervantes','Vestibulum.ut@pharetranibhAliquam.edu','1995-01-30','2020-11-16',null,'\x',null,'Y','2021-11-16','Yearly');
INSERT INTO member (MemberID,UserID,FirstName,LastName,Email,DateOfBirth,JoinedDate,LeftDate,Photo,Note,NewsLetterSubscription,MembershipExpiryDate,PaymentPlan) VALUES (109,109,'Uta','Neal','non@Curabituregestas.co.uk','1994-09-02','2020-11-17',null,'\x',null,'N','2021-11-17','Yearly'),(110,110,'Jillian','Terry','litora@sitamet.net','1995-01-20','2020-11-17',null,'\x',null,'Y','2021-11-17','Yearly'),(111,111,'Hedy','Oneil','Morbi.non@eutempor.net','1995-01-19','2020-11-17',null,'\x',null,'Y','2021-11-17','Yearly'),(112,112,'Samantha','Dickson','nascetur@purusactellus.co.uk','1994-12-02','2020-11-17',null,'\x',null,'Y','2021-11-17','Yearly'),(113,113,'Lenore','Oneal','facilisis@odioEtiamligula.net','1994-05-22','2020-11-17',null,'\x',null,'N','2021-11-17','Yearly'),(114,114,'Solomon','Mcintosh','libero@non.co.uk','1996-02-09','2020-11-17',null,'\x',null,'Y','2021-11-17','Yearly'),(115,115,'Breanna','Giles','euismod.enim@sociosquadlitora.com','1992-05-30','2020-11-17',null,'\x',null,'N','2021-11-17','Yearly'),(116,116,'Irene','Watkins','enim@rhoncusNullam.com','1995-08-18','2020-11-17',null,'\x',null,'Y','2021-11-17','Yearly'),(117,117,'Daphne','Carlson','nunc.risus@arcuNunc.ca','1997-09-08','2020-11-17',null,'\x',null,'N','2021-11-17','Yearly'),(118,118,'Kareem','Mayer','et@ullamcorper.ca','1997-06-08','2020-11-17',null,'\x',null,'Y','2021-11-17','Yearly');
INSERT INTO member (MemberID,UserID,FirstName,LastName,Email,DateOfBirth,JoinedDate,LeftDate,Photo,Note,NewsLetterSubscription,MembershipExpiryDate,PaymentPlan) VALUES (119,119,'Abraham','Neal','Duis@quismassaMauris.net','1996-10-09','2020-11-17',null,'\x',null,'Y','2021-11-17','Yearly'),(120,120,'Nola','Horn','ornare.sagittis@vestibulum.ca','1992-06-28','2020-11-17',null,'\x',null,'N','2021-11-17','Yearly'),(121,121,'Gabriel','Monroe','metus@pellentesquemassalobortis.net','1994-03-01','2020-11-17',null,'\x',null,'Y','2021-11-17','Yearly'),(122,122,'Len','Jenkins','gravida.sagittis@sedturpis.edu','1992-11-16','2020-11-17',null,'\x',null,'Y','2021-11-17','Yearly'),(123,123,'Caleb','Ferrell','dis.parturient.montes@idrisusquis.edu','1997-09-05','2020-11-17',null,'\x',null,'N','2021-11-17','Yearly'),(124,124,'Barbara','Rush','adipiscing.lacus.Ut@aneque.org','1992-06-27','2020-11-17',null,'\x',null,'Y','2021-11-17','Yearly'),(125,125,'Brenden','Adkins','sed.est@scelerisquelorem.com','1994-03-20','2020-11-17',null,'\x',null,'N','2021-11-17','Yearly'),(126,126,'Jena','Warner','lobortis.quam@mieleifendegestas.net','1994-05-29','2020-11-17',null,'\x',null,'N','2021-11-17','Yearly'),(127,127,'Cameron','Mccray','Pellentesque.ultricies@vitaeerat.ca','1997-09-27','2020-11-17',null,'\x',null,'N','2021-11-17','Yearly'),(128,128,'Amy','Barrett','dui.Suspendisse.ac@velquam.edu','1996-11-27','2020-11-17',null,'\x',null,'N','2021-11-17','Yearly');
INSERT INTO member (MemberID,UserID,FirstName,LastName,Email,DateOfBirth,JoinedDate,LeftDate,Photo,Note,NewsLetterSubscription,MembershipExpiryDate,PaymentPlan) VALUES (129,129,'Magee','Mccarty','egestas.lacinia.Sed@aliquet.net','1996-02-29','2020-11-17',null,'\x',null,'N','2021-11-17','Yearly'),(130,130,'Guinevere','Gross','egestas.Aliquam.nec@nasceturridiculus.co.uk','1992-08-20','2020-11-17',null,'\x',null,'N','2021-11-17','Yearly'),(131,131,'Lucy','Estrada','natoque.penatibus@velesttempor.net','1992-10-30','2020-11-17',null,'\x',null,'N','2021-11-17','Yearly'),(132,132,'Gemma','Blankenship','venenatis.lacus.Etiam@dolortempusnon.edu','1996-08-14','2020-11-17',null,'\x',null,'N','2021-11-17','Yearly'),(133,133,'Katell','Sweet','et.magna@posuerevulputate.com','1996-01-09','2020-11-17',null,'\x',null,'Y','2021-11-17','Yearly'),(134,134,'Noble','Barrera','sollicitudin.orci@mattis.co.uk','1997-09-28','2020-11-17',null,'\x',null,'Y','2021-11-17','Yearly'),(135,135,'Wylie','Wilder','non.justo@id.ca','1997-07-29','2020-11-17',null,'\x',null,'N','2021-11-17','Yearly'),(136,136,'Jemima','Welch','aliquam@Aliquamultrices.net','1994-08-14','2020-11-17',null,'\x',null,'Y','2021-11-17','Yearly'),(137,137,'Riley','Mcdowell','In@nuncinterdum.ca','1992-02-25','2020-11-17',null,'\x',null,'N','2021-11-17','Yearly'),(138,138,'Lars','Garrett','Donec@Aenean.ca','1996-04-21','2020-11-17',null,'\x',null,'N','2021-11-17','Yearly');
INSERT INTO member (MemberID,UserID,FirstName,LastName,Email,DateOfBirth,JoinedDate,LeftDate,Photo,Note,NewsLetterSubscription,MembershipExpiryDate,PaymentPlan) VALUES (139,139,'Tarik','Neal','eget.ipsum@gravidanunc.com','1994-06-12','2020-11-17',null,'\x',null,'N','2021-11-17','Yearly'),(140,140,'Aurora','Martinez','nec@Nuncquisarcu.net','1996-04-12','2020-11-17',null,'\x',null,'Y','2021-11-17','Yearly'),(141,141,'Russell','Mendez','tortor.dictum@orcilobortisaugue.ca','1997-08-07','2020-11-17',null,'\x',null,'Y','2021-11-17','Yearly'),(142,142,'Diana','Burns','lorem.vehicula.et@iaculislacus.net','1993-10-04','2020-11-17',null,'\x',null,'N','2021-11-17','Yearly'),(143,143,'Chandler','Suarez','posuere@nuncac.co.uk','1996-05-03','2020-11-17',null,'\x',null,'Y','2021-11-17','Yearly'),(144,144,'Elmo','Wong','vulputate.ullamcorper@rutrum.ca','1997-08-21','2020-11-17',null,'\x',null,'Y','2021-11-17','Yearly'),(145,145,'Nomlanga','Mcmillan','semper.cursus.Integer@lobortis.ca','1996-01-19','2020-11-17',null,'\x',null,'Y','2021-11-17','Yearly'),(146,146,'Len','Rowland','dolor.Donec.fringilla@consequatlectus.edu','1997-12-03','2020-11-17',null,'\x',null,'Y','2021-11-17','Yearly'),(147,147,'Ruby','Mcknight','facilisis.eget.ipsum@ultricesposuerecubilia.org','1995-01-25','2020-11-17',null,'\x',null,'N','2021-11-17','Yearly'),(148,148,'Chaim','Mays','mi.lorem@quamelementumat.ca','1992-12-25','2020-11-17',null,'\x',null,'N','2021-11-17','Yearly');
INSERT INTO member (MemberID,UserID,FirstName,LastName,Email,DateOfBirth,JoinedDate,LeftDate,Photo,Note,NewsLetterSubscription,MembershipExpiryDate,PaymentPlan) VALUES (149,149,'Caldwell','Munoz','sodales.purus@cursuspurus.org','1994-10-26','2020-11-17',null,'\x',null,'Y','2021-11-17','Yearly'),(150,150,'Cody','Raymond','ornare.sagittis.felis@Pellentesque.co.uk','1995-02-10','2020-11-17',null,'\x',null,'Y','2021-11-17','Yearly'),(151,151,'Kato','Shepard','vulputate@vitaeeratvel.edu','1992-10-30','2020-11-17',null,'\x',null,'Y','2021-11-17','Yearly'),(152,152,'Orli','Anderson','non.ante.bibendum@metusAenean.edu','1995-03-06','2020-11-17',null,'\x',null,'N','2021-11-17','Yearly'),(153,153,'Robert','Miles','ipsum.primis.in@adipiscing.com','1994-01-26','2020-11-17',null,'\x',null,'N','2021-11-17','Yearly'),(154,154,'Kylie','Byers','Nullam@etlaciniavitae.org','1997-04-05','2020-11-17',null,'\x',null,'Y','2021-11-17','Yearly'),(155,155,'Brady','Matthews','nibh.lacinia@ipsumSuspendissesagittis.edu','1995-12-29','2020-11-17',null,'\x',null,'N','2021-11-17','Yearly'),(156,156,'Daria','Steele','nec.luctus@nullaat.edu','1996-02-08','2020-11-17',null,'\x',null,'Y','2021-11-17','Yearly'),(157,157,'Amanda','Goodman','Aliquam.vulputate.ullamcorper@tinciduntpedeac.org','1993-02-05','2020-11-17',null,'\x',null,'N','2021-11-17','Yearly'),(158,158,'Joel','Cunningham','vestibulum.Mauris@et.edu','1992-02-14','2020-11-17',null,'\x',null,'Y','2021-11-17','Yearly');
INSERT INTO member (MemberID,UserID,FirstName,LastName,Email,DateOfBirth,JoinedDate,LeftDate,Photo,Note,NewsLetterSubscription,MembershipExpiryDate,PaymentPlan) VALUES (159,159,'Suki','Watkins','pede.Nunc@maurissagittis.edu','1994-04-21','2020-11-17',null,'\x',null,'N','2021-11-17','Yearly'),(160,160,'Quamar','Perry','in@turpisnon.net','1992-02-29','2020-11-17',null,'\x',null,'Y','2021-11-17','Yearly'),(161,161,'Alea','Webb','tellus.Nunc@ullamcorpervelitin.edu','1994-06-07','2020-11-17',null,'\x',null,'N','2021-11-17','Yearly'),(162,162,'Hayes','Carpenter','Maecenas@SuspendisseduiFusce.edu','1996-11-13','2020-11-17',null,'\x',null,'N','2021-11-17','Yearly'),(163,163,'Tatyana','Santiago','venenatis.lacus@odio.com','1993-04-23','2020-11-17',null,'\x',null,'N','2021-11-17','Yearly'),(164,164,'Dorothy','Rodriguez','malesuada.augue@maurisIntegersem.ca','1992-02-13','2020-11-17',null,'\x',null,'Y','2021-11-17','Yearly'),(165,165,'Moana','Gardner','leo.elementum.sem@leoMorbi.co.uk','1993-06-21','2020-11-17',null,'\x',null,'Y','2021-11-17','Yearly'),(166,166,'Dalton','Mcfarland','Aliquam.vulputate@nulla.ca','1993-06-05','2020-11-17',null,'\x',null,'N','2021-11-17','Yearly'),(167,167,'Rooney','Elliott','nec@vestibulumnequesed.ca','1992-05-15','2020-11-17',null,'\x',null,'N','2021-11-17','Yearly'),(168,168,'James','Curry','ligula.Nullam.feugiat@variuset.ca','1993-07-05','2020-11-17',null,'\x',null,'N','2021-11-17','Yearly');
INSERT INTO member (MemberID,UserID,FirstName,LastName,Email,DateOfBirth,JoinedDate,LeftDate,Photo,Note,NewsLetterSubscription,MembershipExpiryDate,PaymentPlan) VALUES (169,169,'Kelly','Christian','diam.Pellentesque.habitant@egestasSedpharetra.com','1994-12-19','2020-11-17',null,'\x',null,'N','2021-11-17','Yearly'),(170,170,'Diana','Ingram','sem.molestie@erosnonenim.org','1996-05-27','2020-11-17',null,'\x',null,'N','2021-11-17','Yearly'),(171,171,'Price','Mullins','Aliquam.erat.volutpat@condimentumegetvolutpat.co.uk','1995-09-19','2020-11-17',null,'\x',null,'N','2021-11-17','Yearly'),(172,172,'Azalia','Dotson','nascetur.ridiculus@arcuiaculis.ca','1993-10-26','2020-11-17',null,'\x',null,'N','2021-11-17','Yearly'),(173,173,'Meredith','Bennett','ligula.consectetuer.rhoncus@dictumultriciesligula.co.uk','1994-07-21','2020-11-17',null,'\x',null,'Y','2021-11-17','Yearly'),(174,174,'Allen','Leon','ut.pharetra.sed@nequeSedeget.edu','1994-11-06','2020-11-17',null,'\x',null,'Y','2021-11-17','Yearly'),(175,175,'Vernon','Lynn','erat.eget@Praesent.net','1996-12-19','2020-11-17',null,'\x',null,'Y','2021-11-17','Yearly'),(176,176,'Peter','Mccullough','ut@imperdietullamcorperDuis.ca','1994-08-10','2020-11-17',null,'\x',null,'Y','2021-11-17','Yearly'),(177,177,'Judah','Roach','mauris@diam.co.uk','1994-07-30','2020-11-17',null,'\x',null,'Y','2021-11-17','Yearly'),(178,178,'Kirsten','Bowers','ante.ipsum@leo.edu','1996-02-09','2020-11-17',null,'\x',null,'N','2021-11-17','Yearly');
INSERT INTO member (MemberID,UserID,FirstName,LastName,Email,DateOfBirth,JoinedDate,LeftDate,Photo,Note,NewsLetterSubscription,MembershipExpiryDate,PaymentPlan) VALUES (179,179,'Branden','Frank','pretium.et.rutrum@ornarelibero.edu','1996-11-07','2020-11-17',null,'\x',null,'Y','2021-11-17','Yearly'),(180,180,'Kalia','Mitchell','dui@laciniaSed.com','1994-04-24','2020-11-17',null,'\x',null,'N','2021-11-17','Yearly'),(181,181,'Barrett','Herrera','semper@tellusPhasellus.ca','1995-10-06','2020-11-17',null,'\x',null,'N','2021-11-17','Yearly'),(182,182,'Nadine','Conley','arcu.ac@urnasuscipitnonummy.edu','1995-12-25','2020-11-17',null,'\x',null,'Y','2021-11-17','Yearly'),(183,183,'Haley','Park','mattis@atortorNunc.co.uk','1997-05-20','2020-11-17',null,'\x',null,'Y','2021-11-17','Yearly'),(184,184,'Zachary','Lopez','eros.turpis@nisia.org','1994-07-14','2020-11-17',null,'\x',null,'Y','2021-11-17','Yearly'),(185,185,'Tarik','Livingston','ligula@ac.org','1993-10-03','2020-11-17',null,'\x',null,'Y','2021-11-17','Yearly'),(186,186,'Ignacia','Calhoun','Sed.eu@elitsedconsequat.ca','1992-04-16','2020-11-17',null,'\x',null,'Y','2021-11-17','Yearly'),(187,187,'Richard','Byrd','lectus.justo.eu@primis.co.uk','1993-06-16','2020-11-17',null,'\x',null,'Y','2021-11-17','Yearly'),(188,188,'Jonas','Miles','dolor.sit@dapibusgravida.com','1994-04-12','2020-11-17',null,'\x',null,'N','2021-11-17','Yearly');
INSERT INTO member (MemberID,UserID,FirstName,LastName,Email,DateOfBirth,JoinedDate,LeftDate,Photo,Note,NewsLetterSubscription,MembershipExpiryDate,PaymentPlan) VALUES (189,189,'Kai','Gomez','urna.convallis@dapibusidblandit.co.uk','1997-01-22','2020-11-17',null,'\x',null,'Y','2021-11-17','Yearly'),(190,190,'Vivian','Franco','vitae.odio@ornare.net','1994-05-08','2020-11-17',null,'\x',null,'Y','2021-11-17','Yearly'),(191,191,'Pamela','Daniel','tellus.Aenean@Quisque.net','1996-02-10','2020-11-17',null,'\x',null,'Y','2021-11-17','Yearly'),(192,192,'Ainsley','Chan','Cras.sed.leo@vitaealiquameros.net','1997-09-24','2020-11-17',null,'\x',null,'Y','2021-11-17','Yearly'),(193,193,'Benjamin','Dean','neque@necante.net','1993-09-04','2020-11-17',null,'\x',null,'N','2021-11-17','Yearly'),(194,194,'Cheyenne','Potts','luctus.lobortis.Class@scelerisqueloremipsum.com','1994-11-28','2020-11-17',null,'\x',null,'N','2021-11-17','Yearly'),(195,195,'Angelica','William','scelerisque@Nullam.net','1994-07-17','2020-11-17',null,'\x',null,'N','2021-11-17','Yearly'),(196,196,'Wanda','Raymond','dolor.dolor@penatibus.com','1996-08-04','2020-11-17',null,'\x',null,'N','2021-11-17','Yearly'),(197,197,'Philip','Lambert','sem.ut@fermentum.ca','1993-03-07','2020-11-17',null,'\x',null,'Y','2021-11-17','Yearly'),(198,198,'Jenna','King','amet.consectetuer@actellusSuspendisse.edu','1993-07-19','2020-11-17',null,'\x',null,'Y','2021-11-17','Yearly');
INSERT INTO member (MemberID,UserID,FirstName,LastName,Email,DateOfBirth,JoinedDate,LeftDate,Photo,Note,NewsLetterSubscription,MembershipExpiryDate,PaymentPlan) VALUES (199,199,'Lyle','Pitts','enim@disparturientmontes.com','1994-08-18','2020-11-17',null,'\x',null,'N','2021-11-17','Yearly'),(200,200,'Raven','Hays','diam@Sed.edu','1993-11-12','2020-11-17',null,'\x',null,'Y','2021-11-17','Yearly'),(201,201,'Jada','Boyd','dolor@tortor.org','1994-08-25','2020-11-17',null,'\x',null,'Y','2021-11-17','Yearly'),(202,202,'Beck','Reed','scelerisque.sed.sapien@tempor.co.uk','1995-05-16','2020-11-17',null,'\x',null,'Y','2021-11-17','Yearly'),(203,203,'Inga','Burnett','tristique.senectus@purusin.com','1994-01-15','2020-11-17',null,'\x',null,'N','2021-11-17','Yearly'),(204,204,'Phillip','Mcintyre','nec.enim@in.com','1994-04-24','2020-11-17',null,'\x',null,'N','2021-11-17','Yearly'),(205,205,'Piper','Mendez','facilisi.Sed.neque@eleifendnon.net','1993-02-11','2020-11-17',null,'\x',null,'N','2021-11-17','Yearly'),(206,206,'Regan','Webb','commodo.tincidunt@euelit.co.uk','1994-02-17','2020-11-17',null,'\x',null,'Y','2021-11-17','Yearly'),(207,207,'Eric','Velasquez','sem.elit.pharetra@euerosNam.org','1996-12-02','2020-11-17',null,'\x',null,'Y','2021-11-17','Yearly'),(208,208,'Maya','Jenkins','vel.mauris.Integer@Curabiturdictum.co.uk','1994-04-13','2020-11-17',null,'\x',null,'Y','2021-11-17','Yearly');
INSERT INTO member (MemberID,UserID,FirstName,LastName,Email,DateOfBirth,JoinedDate,LeftDate,Photo,Note,NewsLetterSubscription,MembershipExpiryDate,PaymentPlan) VALUES (209,209,'Mallory','Walter','magna.sed@tincidunt.ca','1993-09-05','2020-11-19',null,'\x',null,'N','2021-11-19','Yearly'),(210,210,'Laurel','Beard','orci.adipiscing@massa.org','1992-03-24','2020-11-19',null,'\x',null,'Y','2021-11-19','Yearly'),(211,211,'Liberty','Mcclure','ullamcorper.viverra.Maecenas@estNuncullamcorper.edu','1993-03-19','2020-11-19',null,'\x',null,'Y','2021-11-19','Yearly'),(212,212,'Oleg','Bartlett','Morbi@nonenimMauris.net','1997-10-28','2020-11-19',null,'\x',null,'N','2021-11-19','Yearly'),(213,213,'Logan','Owens','nunc.In.at@Suspendissecommodo.org','1995-07-26','2020-11-19',null,'\x',null,'Y','2021-11-19','Yearly'),(214,214,'Ahmed','Prince','blandit.at.nisi@Duiscursus.edu','1995-06-06','2020-11-19',null,'\x',null,'N','2021-11-19','Yearly'),(215,215,'Honorato','Perry','velit.justo.nec@semPellentesque.com','1995-12-20','2020-11-19',null,'\x',null,'Y','2021-11-19','Yearly'),(216,216,'Rebekah','Shaffer','Donec.tempor@luctusipsum.net','1996-03-18','2020-11-19',null,'\x',null,'Y','2021-11-19','Yearly'),(217,217,'Justina','Talley','libero.nec.ligula@sempertellus.co.uk','1996-08-29','2020-11-19',null,'\x',null,'Y','2021-11-19','Yearly'),(218,218,'Warren','Winters','metus.facilisis@tortor.edu','1994-04-20','2020-11-19',null,'\x',null,'N','2021-11-19','Yearly');
INSERT INTO member (MemberID,UserID,FirstName,LastName,Email,DateOfBirth,JoinedDate,LeftDate,Photo,Note,NewsLetterSubscription,MembershipExpiryDate,PaymentPlan) VALUES (219,219,'Elizabeth','Richards','Donec@Integeraliquam.ca','1994-09-11','2020-11-19',null,'\x',null,'Y','2021-11-19','Yearly'),(220,220,'Ciaran','Harrington','congue@vel.ca','1993-09-15','2020-11-19',null,'\x',null,'N','2021-11-19','Yearly'),(221,221,'Brielle','Key','consectetuer.adipiscing@velarcuCurabitur.ca','1995-06-18','2020-11-19',null,'\x',null,'N','2021-11-19','Yearly'),(222,222,'Cheryl','Allen','eleifend@laoreet.co.uk','1994-01-21','2020-11-19',null,'\x',null,'N','2021-11-19','Yearly'),(223,223,'Lucius','Stephenson','odio.Aliquam.vulputate@Proindolor.org','1995-03-22','2020-11-19',null,'\x',null,'N','2021-11-19','Yearly'),(224,224,'Xantha','Guerrero','magna@quis.org','1995-02-09','2020-11-19',null,'\x',null,'Y','2021-11-19','Yearly'),(225,225,'Nathan','Valdez','a@tinciduntpedeac.com','1997-03-27','2020-11-19',null,'\x',null,'N','2021-11-19','Yearly'),(226,226,'Ignatius','Miles','Quisque.nonummy.ipsum@euismodetcommodo.com','1997-09-06','2020-11-19',null,'\x',null,'N','2021-11-19','Yearly'),(227,227,'Ocean','Raymond','luctus.sit@eget.net','1997-10-26','2020-11-19',null,'\x',null,'N','2021-11-19','Yearly'),(228,228,'Rhona','Kline','lectus.pede@temporest.edu','1993-12-27','2020-11-19',null,'\x',null,'N','2021-11-19','Yearly');
INSERT INTO member (MemberID,UserID,FirstName,LastName,Email,DateOfBirth,JoinedDate,LeftDate,Photo,Note,NewsLetterSubscription,MembershipExpiryDate,PaymentPlan) VALUES (229,229,'Chadwick','Raymond','ornare.sagittis@facilisisegetipsum.ca','1997-07-30','2020-11-19',null,'\x',null,'N','2021-11-19','Yearly'),(230,230,'Sloane','Alvarado','fermentum@Nunc.edu','1995-11-21','2020-11-19',null,'\x',null,'N','2021-11-19','Yearly'),(231,231,'Moses','Acosta','magna.Ut@sociisnatoquepenatibus.org','1995-04-21','2020-11-19',null,'\x',null,'Y','2021-11-19','Yearly'),(232,232,'Aiko','Willis','et@pedePraesent.com','1992-02-09','2020-11-19',null,'\x',null,'Y','2021-11-19','Yearly'),(233,233,'Edan','Kirk','ornare@natoquepenatibus.ca','1992-04-08','2020-11-19',null,'\x',null,'Y','2021-11-19','Yearly'),(234,234,'Zeph','Townsend','euismod.enim@mitempor.org','1994-03-18','2020-11-19',null,'\x',null,'N','2021-11-19','Yearly'),(235,235,'Declan','Salinas','orci.Phasellus@ornare.edu','1995-07-06','2020-11-19',null,'\x',null,'N','2021-11-19','Yearly'),(236,236,'Olympia','Stanley','et.libero.Proin@Nam.org','1996-04-02','2020-11-19',null,'\x',null,'N','2021-11-19','Yearly'),(237,237,'Germane','Caldwell','quis.pede.Suspendisse@Pellentesque.net','1997-02-19','2020-11-19',null,'\x',null,'Y','2021-11-19','Yearly'),(238,238,'Noah','Ross','varius.et.euismod@hendrerit.net','1995-04-22','2020-11-19',null,'\x',null,'Y','2021-11-19','Yearly');
INSERT INTO member (MemberID,UserID,FirstName,LastName,Email,DateOfBirth,JoinedDate,LeftDate,Photo,Note,NewsLetterSubscription,MembershipExpiryDate,PaymentPlan) VALUES (239,239,'Aidan','York','facilisis@vestibulumMaurismagna.net','1992-07-22','2020-11-19',null,'\x',null,'Y','2021-11-19','Yearly'),(240,240,'Petra','Hampton','at@ac.net','1993-11-25','2020-11-19',null,'\x',null,'Y','2021-11-19','Yearly'),(241,241,'Walter','Edwards','leo.Morbi.neque@sagittis.org','1994-06-29','2020-11-19',null,'\x',null,'N','2021-11-19','Yearly'),(242,242,'Noah','Roach','sit.amet@lectusrutrumurna.net','1995-03-04','2020-11-19',null,'\x',null,'N','2021-11-19','Yearly'),(243,243,'Oprah','Gay','Ut.sagittis.lobortis@egestas.edu','1993-05-27','2020-11-19',null,'\x',null,'Y','2021-11-19','Yearly'),(244,244,'Valentine','Delacruz','eu.erat.semper@erosProinultrices.org','1994-04-11','2020-11-19',null,'\x',null,'N','2021-11-19','Yearly'),(245,245,'Aurelia','Blevins','ullamcorper.Duis@augue.net','1997-11-21','2020-11-19',null,'\x',null,'N','2021-11-19','Yearly'),(246,246,'Maxwell','Abbott','lobortis.mauris@atfringilla.net','1994-06-25','2020-11-19',null,'\x',null,'N','2021-11-19','Yearly'),(247,247,'Perry','Norman','non@tellus.edu','1996-12-06','2020-11-19',null,'\x',null,'Y','2021-11-19','Yearly'),(248,248,'Morgan','Cunningham','Mauris.ut.quam@acfacilisisfacilisis.edu','1994-01-20','2020-11-19',null,'\x',null,'N','2021-11-19','Yearly');
INSERT INTO member (MemberID,UserID,FirstName,LastName,Email,DateOfBirth,JoinedDate,LeftDate,Photo,Note,NewsLetterSubscription,MembershipExpiryDate,PaymentPlan) VALUES (249,249,'Hayley','Fisher','est.congue.a@sem.ca','1994-03-22','2020-11-19',null,'\x',null,'Y','2021-11-19','Yearly'),(250,250,'Lucius','Baird','eleifend.Cras.sed@massaQuisque.co.uk','1995-10-14','2020-11-19',null,'\x',null,'N','2021-11-19','Yearly'),(251,251,'Jaden','Dawson','magnis.dis.parturient@egestas.ca','1997-11-04','2020-11-19',null,'\x',null,'N','2021-11-19','Yearly'),(252,252,'Shelly','Nguyen','nonummy@sagittisfelisDonec.edu','1995-01-09','2020-11-19',null,'\x',null,'N','2021-11-19','Yearly'),(253,253,'Andrew','Le','ornare@variuset.org','1992-02-15','2020-11-19',null,'\x',null,'N','2021-11-19','Yearly'),(254,254,'Thomas','Bradley','Nunc@suscipitnonummy.com','1993-05-06','2020-11-19',null,'\x',null,'Y','2021-11-19','Yearly'),(255,255,'Clark','Mckinney','consectetuer@etmagnisdis.net','1995-02-28','2020-11-19',null,'\x',null,'Y','2021-11-19','Yearly'),(256,256,'Joelle','Owens','auctor.velit.eget@quamvel.net','1995-05-15','2020-11-19',null,'\x',null,'N','2021-11-19','Yearly'),(257,257,'Rhoda','Dudley','hendrerit.neque@tacitisociosqu.co.uk','1997-03-13','2020-11-19',null,'\x',null,'Y','2021-11-19','Yearly'),(258,258,'Phoebe','Macdonald','nisi@velitdui.com','1997-06-23','2020-11-19',null,'\x',null,'N','2021-11-19','Yearly');
INSERT INTO member (MemberID,UserID,FirstName,LastName,Email,DateOfBirth,JoinedDate,LeftDate,Photo,Note,NewsLetterSubscription,MembershipExpiryDate,PaymentPlan) VALUES (259,259,'Quinlan','Bowman','tellus@turpisvitaepurus.org','1997-08-23','2020-11-19',null,'\x',null,'N','2021-11-19','Yearly'),(260,260,'Savannah','Galloway','volutpat@nisiCumsociis.com','1997-11-01','2020-11-19',null,'\x',null,'Y','2021-11-19','Yearly'),(261,261,'Kylie','Buchanan','semper.Nam.tempor@vel.ca','1995-03-05','2020-11-19',null,'\x',null,'N','2021-11-19','Yearly'),(262,262,'Ingrid','Ballard','elit.a.feugiat@a.net','1993-06-06','2020-11-19',null,'\x',null,'N','2021-11-19','Yearly'),(263,263,'Montana','Anderson','bibendum.ullamcorper@Quisque.org','1995-01-07','2020-11-19',null,'\x',null,'N','2021-11-19','Yearly'),(264,264,'Sonya','Berg','felis.eget@nulla.edu','1996-05-15','2020-11-19',null,'\x',null,'N','2021-11-19','Yearly'),(265,265,'Lamar','Santana','mauris@Nuncacsem.com','1994-05-01','2020-11-19',null,'\x',null,'N','2021-11-19','Yearly'),(266,266,'Colby','Gay','eget.nisi.dictum@orci.ca','1993-10-30','2020-11-19',null,'\x',null,'Y','2021-11-19','Yearly'),(267,267,'Vivien','Kennedy','cursus.non.egestas@accumsanneque.org','1995-03-03','2020-11-19',null,'\x',null,'N','2021-11-19','Yearly'),(268,268,'Amos','Brady','consequat@urna.net','1993-06-17','2020-11-19',null,'\x',null,'Y','2021-11-19','Yearly');
INSERT INTO member (MemberID,UserID,FirstName,LastName,Email,DateOfBirth,JoinedDate,LeftDate,Photo,Note,NewsLetterSubscription,MembershipExpiryDate,PaymentPlan) VALUES (269,269,'Harding','Jacobs','ipsum.dolor.sit@eget.net','1995-05-24','2020-11-19',null,'\x',null,'N','2021-11-19','Yearly'),(270,270,'Sawyer','Hodges','luctus.vulputate@dui.edu','1995-01-12','2020-11-19',null,'\x',null,'N','2021-11-19','Yearly'),(271,271,'Joy','Hunter','sem.ut.dolor@ornare.net','1994-01-27','2020-11-19',null,'\x',null,'N','2021-11-19','Yearly'),(272,272,'Janna','Bruce','dui.Cum.sociis@malesuada.net','1997-11-07','2020-11-19',null,'\x',null,'N','2021-11-19','Yearly'),(273,273,'Ferdinand','Caldwell','fermentum.vel.mauris@eu.net','1997-10-03','2020-11-19',null,'\x',null,'Y','2021-11-19','Yearly'),(274,274,'Claudia','Adkins','Cras.eu@idenim.co.uk','1992-07-02','2020-11-19',null,'\x',null,'Y','2021-11-19','Yearly'),(275,275,'Signe','Herman','ipsum.Phasellus@Fuscemilorem.co.uk','1993-06-09','2020-11-19',null,'\x',null,'Y','2021-11-19','Yearly'),(276,276,'Alma','Brooks','Donec@musAeneaneget.net','1993-08-19','2020-11-19',null,'\x',null,'Y','2021-11-19','Yearly'),(277,277,'Jessamine','Bradley','velit@justo.ca','1994-03-02','2020-11-19',null,'\x',null,'Y','2021-11-19','Yearly'),(278,278,'Elmo','Hardy','hymenaeos.Mauris.ut@magna.co.uk','1997-10-28','2020-11-19',null,'\x',null,'N','2021-11-19','Yearly');
INSERT INTO member (MemberID,UserID,FirstName,LastName,Email,DateOfBirth,JoinedDate,LeftDate,Photo,Note,NewsLetterSubscription,MembershipExpiryDate,PaymentPlan) VALUES (279,279,'Ashely','Rice','in.lobortis.tellus@liberonecligula.edu','1997-08-08','2020-11-19',null,'\x',null,'N','2021-11-19','Yearly'),(280,280,'Beatrice','Sims','Cras@Aeneaneget.ca','1997-08-19','2020-11-19',null,'\x',null,'Y','2021-11-19','Yearly'),(281,281,'Mia','Craft','elit.pharetra@nislMaecenasmalesuada.ca','1992-04-02','2020-11-19',null,'\x',null,'N','2021-11-19','Yearly'),(282,282,'Xander','Bowman','conubia.nostra.per@dolorQuisque.ca','1993-09-19','2020-11-19',null,'\x',null,'N','2021-11-19','Yearly'),(283,283,'Samson','Watson','Donec.sollicitudin.adipiscing@arcu.org','1996-09-26','2020-11-19',null,'\x',null,'N','2021-11-19','Yearly'),(284,284,'Ignatius','Rodriguez','risus.odio@justo.ca','1993-05-30','2020-11-19',null,'\x',null,'Y','2021-11-19','Yearly'),(285,285,'Dara','Odom','eget.varius.ultrices@NullamnislMaecenas.edu','1996-01-27','2020-11-19',null,'\x',null,'N','2021-11-19','Yearly'),(286,286,'Martina','Lott','erat@etliberoProin.ca','1993-09-12','2020-11-19',null,'\x',null,'N','2021-11-19','Yearly'),(287,287,'Xaviera','Bailey','velit@odioNaminterdum.net','1992-06-29','2020-11-19',null,'\x',null,'N','2021-11-19','Yearly'),(288,288,'Scarlett','Mcintosh','a.nunc@idblanditat.ca','1995-06-05','2020-11-19',null,'\x',null,'N','2021-11-19','Yearly');
INSERT INTO member (MemberID,UserID,FirstName,LastName,Email,DateOfBirth,JoinedDate,LeftDate,Photo,Note,NewsLetterSubscription,MembershipExpiryDate,PaymentPlan) VALUES (289,289,'Lila','Mooney','Donec.tincidunt@eratvitaerisus.net','1992-04-30','2020-11-19',null,'\x',null,'N','2021-11-19','Yearly'),(290,290,'Eaton','Kirkland','Quisque.imperdiet@rhoncus.ca','1996-11-23','2020-11-19',null,'\x',null,'N','2021-11-19','Yearly'),(291,291,'Derek','Harrell','varius@odiosagittissemper.ca','1992-06-05','2020-11-19',null,'\x',null,'N','2021-11-19','Yearly'),(292,292,'Yael','Huff','Aenean@molestiedapibusligula.net','1994-05-04','2020-11-19',null,'\x',null,'N','2021-11-19','Yearly'),(293,293,'Darius','Estes','ornare.tortor@vestibulumMaurismagna.edu','1996-02-28','2020-11-19',null,'\x',null,'Y','2021-11-19','Yearly'),(294,294,'Medge','Donaldson','sit.amet.consectetuer@Nuncmauriselit.com','1992-07-29','2020-11-19',null,'\x',null,'Y','2021-11-19','Yearly'),(295,295,'Kareem','Robinson','Integer.vulputate.risus@Fuscealiquam.co.uk','1995-07-01','2020-11-19',null,'\x',null,'Y','2021-11-19','Yearly'),(296,296,'Willa','Dyer','ac@aarcuSed.edu','1992-06-01','2020-11-19',null,'\x',null,'Y','2021-11-19','Yearly'),(297,297,'Ezekiel','Parrish','purus.gravida.sagittis@idmagnaet.net','1994-10-28','2020-11-19',null,'\x',null,'Y','2021-11-19','Yearly'),(298,298,'Shannon','Baker','dictum.Proin@ligulaconsectetuer.com','1993-03-10','2020-11-19',null,'\x',null,'Y','2021-11-19','Yearly');
INSERT INTO member (MemberID,UserID,FirstName,LastName,Email,DateOfBirth,JoinedDate,LeftDate,Photo,Note,NewsLetterSubscription,MembershipExpiryDate,PaymentPlan) VALUES (299,299,'Sarah','Cooper','elit.Aliquam@natoque.com','1995-10-19','2020-11-19',null,'\x',null,'Y','2021-11-19','Yearly'),(300,300,'Lee','Nolan','dapibus.ligula@scelerisquescelerisquedui.com','1995-02-01','2020-11-19',null,'\x',null,'Y','2021-11-19','Yearly'),(301,301,'Drew','Burns','lorem.eu.metus@malesuada.co.uk','1997-02-25','2020-11-19',null,'\x',null,'Y','2021-11-19','Yearly'),(302,302,'Darrel','West','enim@lectus.net','1995-02-08','2020-11-19',null,'\x',null,'N','2021-11-19','Yearly'),(303,303,'Thor','Farrell','Nunc@a.co.uk','1992-11-21','2020-11-19',null,'\x',null,'Y','2021-11-19','Yearly'),(304,304,'Octavius','Abbott','Ut.nec.urna@Nullamfeugiat.net','1995-03-06','2020-11-19',null,'\x',null,'Y','2021-11-19','Yearly'),(305,305,'Quon','Watson','augue@sociisnatoque.org','1996-05-02','2020-11-19',null,'\x',null,'Y','2021-11-19','Yearly'),(306,306,'Joshua','Carrillo','feugiat.Sed@asollicitudinorci.com','1996-06-10','2020-11-19',null,'\x',null,'Y','2021-11-19','Yearly'),(307,307,'Pandora','Farmer','Donec.tempus.lorem@ametornarelectus.ca','1995-11-18','2020-11-19',null,'\x',null,'Y','2021-11-19','Yearly'),(308,308,'Maisie','Mclaughlin','Aliquam.rutrum.lorem@sem.co.uk','1995-02-05','2020-11-19',null,'\x',null,'Y','2021-11-19','Yearly');
INSERT INTO member (MemberID,UserID,FirstName,LastName,Email,DateOfBirth,JoinedDate,LeftDate,Photo,Note,NewsLetterSubscription,MembershipExpiryDate,PaymentPlan) VALUES (309,309,'Pearl','Berg','ultrices.Vivamus@nequeMorbiquis.org','1992-12-11','2020-11-21',null,'\x',null,'N','2021-11-21','Yearly'),(310,310,'Danielle','Cabrera','nascetur.ridiculus.mus@cursusluctusipsum.co.uk','1995-12-29','2020-11-21',null,'\x',null,'N','2021-11-21','Yearly'),(311,311,'Castor','Schmidt','auctor.ullamcorper@sed.com','1995-01-24','2020-11-21',null,'\x',null,'N','2021-11-21','Yearly'),(312,312,'Skyler','Wall','ligula.elit.pretium@eu.net','1997-02-04','2020-11-21',null,'\x',null,'N','2021-11-21','Yearly'),(313,313,'Odessa','Castro','vehicula.aliquet@urnasuscipitnonummy.org','1994-09-21','2020-11-21',null,'\x',null,'N','2021-11-21','Yearly'),(314,314,'Kuame','Hatfield','Suspendisse@cursuspurusNullam.edu','1992-12-18','2020-11-21',null,'\x',null,'N','2021-11-21','Yearly'),(315,315,'Ruby','Howell','tellus.Nunc@tinciduntnequevitae.ca','1995-03-30','2020-11-21',null,'\x',null,'Y','2021-11-21','Yearly'),(316,316,'Hilda','Obrien','laoreet@lorem.com','1997-09-10','2020-11-21',null,'\x',null,'Y','2021-11-21','Yearly'),(317,317,'Jonah','Golden','mollis.lectus@aliquetnec.ca','1993-10-18','2020-11-21',null,'\x',null,'N','2021-11-21','Yearly'),(318,318,'Denton','Grimes','est.mauris.rhoncus@malesuada.com','1993-03-15','2020-11-21',null,'\x',null,'Y','2021-11-21','Yearly');
INSERT INTO member (MemberID,UserID,FirstName,LastName,Email,DateOfBirth,JoinedDate,LeftDate,Photo,Note,NewsLetterSubscription,MembershipExpiryDate,PaymentPlan) VALUES (319,319,'Jerry','Pruitt','nunc.sit.amet@maurisaliquam.ca','1996-09-25','2020-11-21',null,'\x',null,'N','2021-11-21','Yearly'),(320,320,'Len','Wiley','nunc.sed@temporarcuVestibulum.org','1996-09-05','2020-11-21',null,'\x',null,'Y','2021-11-21','Yearly'),(321,321,'Ryan','Guerra','id.magna.et@Etiambibendum.com','1992-09-18','2020-11-21',null,'\x',null,'Y','2021-11-21','Yearly'),(322,322,'Teegan','Phillips','lacus.pede.sagittis@Suspendisse.co.uk','1993-10-25','2020-11-21',null,'\x',null,'Y','2021-11-21','Yearly'),(323,323,'Carol','Bradford','Morbi.accumsan@Pellentesquetincidunt.net','1996-07-18','2020-11-21',null,'\x',null,'N','2021-11-21','Yearly'),(324,324,'Fritz','House','lorem.Donec.elementum@vehiculaPellentesque.ca','1993-12-08','2020-11-21',null,'\x',null,'Y','2021-11-21','Yearly'),(325,325,'Libby','Melton','Nunc@Vivamuseuismod.ca','1994-11-09','2020-11-21',null,'\x',null,'Y','2021-11-21','Yearly'),(326,326,'Heidi','Case','accumsan.sed.facilisis@eutellus.org','1992-03-26','2020-11-21',null,'\x',null,'N','2021-11-21','Yearly'),(327,327,'Lacey','Bray','posuere@aliquet.co.uk','1996-10-26','2020-11-21',null,'\x',null,'Y','2021-11-21','Yearly'),(328,328,'Gareth','Bradshaw','Mauris@diamvel.ca','1997-06-29','2020-11-21',null,'\x',null,'N','2021-11-21','Yearly');
INSERT INTO member (MemberID,UserID,FirstName,LastName,Email,DateOfBirth,JoinedDate,LeftDate,Photo,Note,NewsLetterSubscription,MembershipExpiryDate,PaymentPlan) VALUES (329,329,'Herrod','Hogan','mauris@tempor.edu','1993-10-26','2020-11-21',null,'\x',null,'Y','2021-11-21','Yearly'),(330,330,'Colette','Garrett','lacus.pede@vestibulumneque.ca','1995-08-31','2020-11-21',null,'\x',null,'N','2021-11-21','Yearly'),(331,331,'Phelan','Richmond','Nunc.sollicitudin.commodo@Namligulaelit.com','1993-05-10','2020-11-21',null,'\x',null,'Y','2021-11-21','Yearly'),(332,332,'Simone','Brewer','a.ultricies.adipiscing@arcuVestibulum.org','1997-01-09','2020-11-21',null,'\x',null,'Y','2021-11-21','Yearly'),(333,333,'Destiny','Maldonado','in.hendrerit@dolortempus.co.uk','1994-08-28','2020-11-21',null,'\x',null,'Y','2021-11-21','Yearly'),(334,334,'Myra','Hooper','mollis@nisi.org','1993-04-25','2020-11-21',null,'\x',null,'N','2021-11-21','Yearly'),(335,335,'Uriel','Velez','Etiam.vestibulum@justo.com','1992-11-27','2020-11-21',null,'\x',null,'N','2021-11-21','Yearly'),(336,336,'Cassidy','Mcdaniel','Morbi@tellusAeneanegestas.edu','1993-12-12','2020-11-21',null,'\x',null,'N','2021-11-21','Yearly'),(337,337,'Charles','Huber','nibh.Donec.est@gravidamaurisut.ca','1995-05-08','2020-11-21',null,'\x',null,'Y','2021-11-21','Yearly'),(338,338,'Joelle','Underwood','eu@anteVivamus.co.uk','1992-11-27','2020-11-21',null,'\x',null,'N','2021-11-21','Yearly');
INSERT INTO member (MemberID,UserID,FirstName,LastName,Email,DateOfBirth,JoinedDate,LeftDate,Photo,Note,NewsLetterSubscription,MembershipExpiryDate,PaymentPlan) VALUES (339,339,'Ciara','Joyce','Aliquam@in.co.uk','1994-07-04','2020-11-21',null,'\x',null,'Y','2021-11-21','Yearly'),(340,340,'Halee','Juarez','Proin@sodalespurus.net','1996-08-25','2020-11-21',null,'\x',null,'Y','2021-11-21','Yearly'),(341,341,'Jameson','Mack','purus.Duis.elementum@nequesedsem.edu','1997-05-04','2020-11-21',null,'\x',null,'N','2021-11-21','Yearly'),(342,342,'Lamar','Hawkins','semper.tellus.id@ultricesposuerecubilia.co.uk','1992-03-30','2020-11-21',null,'\x',null,'Y','2021-11-21','Yearly'),(343,343,'Kimberly','Coffey','aliquet@ipsumleoelementum.co.uk','1995-02-22','2020-11-21',null,'\x',null,'N','2021-11-21','Yearly'),(344,344,'Abel','Hatfield','non.arcu.Vivamus@egestasnuncsed.net','1996-04-01','2020-11-21',null,'\x',null,'N','2021-11-21','Yearly'),(345,345,'Marcia','Valentine','risus@CuraeDonec.edu','1993-02-06','2020-11-21',null,'\x',null,'Y','2021-11-21','Yearly'),(346,346,'Melinda','Bender','sed.sapien@vehicularisusNulla.ca','1993-01-08','2020-11-21',null,'\x',null,'Y','2021-11-21','Yearly'),(347,347,'Darrel','Wheeler','elit@semperrutrumFusce.co.uk','1995-10-24','2020-11-21',null,'\x',null,'Y','2021-11-21','Yearly'),(348,348,'Halee','Dominguez','a@Donecestmauris.net','1995-04-29','2020-11-21',null,'\x',null,'N','2021-11-21','Yearly');
INSERT INTO member (MemberID,UserID,FirstName,LastName,Email,DateOfBirth,JoinedDate,LeftDate,Photo,Note,NewsLetterSubscription,MembershipExpiryDate,PaymentPlan) VALUES (349,349,'Carl','Bartlett','in@egetmetusIn.edu','1996-04-14','2020-11-21',null,'\x',null,'N','2021-11-21','Yearly'),(350,350,'Ivor','Castillo','sem.Pellentesque@vulputateduinec.co.uk','1992-11-11','2020-11-21',null,'\x',null,'N','2021-11-21','Yearly'),(351,351,'Luke','Harper','ipsum.primis.in@molestietortornibh.net','1992-07-17','2020-11-21',null,'\x',null,'N','2021-11-21','Yearly'),(352,352,'Caldwell','Castaneda','commodo.tincidunt.nibh@duiaugue.co.uk','1992-04-28','2020-11-21',null,'\x',null,'N','2021-11-21','Yearly'),(353,353,'Darryl','Baird','vestibulum.Mauris.magna@idmollisnec.ca','1996-03-13','2020-11-21',null,'\x',null,'N','2021-11-21','Yearly'),(354,354,'Montana','Whitehead','enim@atrisus.net','1992-07-17','2020-11-21',null,'\x',null,'Y','2021-11-21','Yearly'),(355,355,'Clinton','Hunter','laoreet@Nullamfeugiat.co.uk','1993-10-20','2020-11-21',null,'\x',null,'N','2021-11-21','Yearly'),(356,356,'Kermit','Joseph','ante.blandit@Nullaegetmetus.org','1993-05-22','2020-11-21',null,'\x',null,'N','2021-11-21','Yearly'),(357,357,'Ruby','Hayes','consectetuer.adipiscing@ipsumnon.net','1994-09-07','2020-11-21',null,'\x',null,'Y','2021-11-21','Yearly'),(358,358,'Tamekah','Burgess','ultricies.adipiscing@scelerisqueloremipsum.net','1993-07-18','2020-11-21',null,'\x',null,'Y','2021-11-21','Yearly');
INSERT INTO member (MemberID,UserID,FirstName,LastName,Email,DateOfBirth,JoinedDate,LeftDate,Photo,Note,NewsLetterSubscription,MembershipExpiryDate,PaymentPlan) VALUES (359,359,'Heather','Hess','nec@Donec.com','1992-08-02','2020-11-21',null,'\x',null,'N','2021-11-21','Yearly'),(360,360,'Nora','Juarez','fermentum.metus.Aenean@sagittis.ca','1993-08-09','2020-11-21',null,'\x',null,'Y','2021-11-21','Yearly'),(361,361,'Armando','Calhoun','Suspendisse@Nunc.com','1997-05-05','2020-11-21',null,'\x',null,'Y','2021-11-21','Yearly'),(362,362,'Megan','Knapp','neque.Morbi.quis@temporerat.edu','1997-11-22','2020-11-21',null,'\x',null,'N','2021-11-21','Yearly'),(363,363,'Ulric','Holden','a.felis.ullamcorper@Cras.org','1994-11-29','2020-11-21',null,'\x',null,'N','2021-11-21','Yearly'),(364,364,'Cyrus','Alexander','fermentum@malesuada.co.uk','1996-09-21','2020-11-21',null,'\x',null,'Y','2021-11-21','Yearly'),(365,365,'Pandora','Robbins','aliquet@loremsitamet.com','1995-11-29','2020-11-21',null,'\x',null,'Y','2021-11-21','Yearly'),(366,366,'Emerald','Owens','elementum.sem.vitae@ut.net','1992-02-03','2020-11-21',null,'\x',null,'Y','2021-11-21','Yearly'),(367,367,'Summer','Mendoza','Etiam.laoreet@adipiscing.edu','1992-05-16','2020-11-21',null,'\x',null,'N','2021-11-21','Yearly'),(368,368,'Keiko','Blackwell','mollis.non.cursus@DonecegestasDuis.com','1994-01-25','2020-11-21',null,'\x',null,'Y','2021-11-21','Yearly');
INSERT INTO member (MemberID,UserID,FirstName,LastName,Email,DateOfBirth,JoinedDate,LeftDate,Photo,Note,NewsLetterSubscription,MembershipExpiryDate,PaymentPlan) VALUES (369,369,'Emi','Pennington','mi@adipiscingelit.org','1992-02-26','2020-11-21',null,'\x',null,'Y','2021-11-21','Yearly'),(370,370,'Melissa','Maynard','placerat.eget@euarcuMorbi.co.uk','1996-09-05','2020-11-21',null,'\x',null,'Y','2021-11-21','Yearly'),(371,371,'Sharon','Rocha','tincidunt@Etiamlaoreet.edu','1993-06-04','2020-11-21',null,'\x',null,'N','2021-11-21','Yearly'),(372,372,'Reece','Heath','hymenaeos@ultricesDuis.ca','1997-05-12','2020-11-21',null,'\x',null,'Y','2021-11-21','Yearly'),(373,373,'Sebastian','Clements','ad.litora.torquent@Duisatlacus.com','1997-12-04','2020-11-21',null,'\x',null,'Y','2021-11-21','Yearly'),(374,374,'Penelope','Garcia','at.velit@velesttempor.com','1994-12-01','2020-11-21',null,'\x',null,'N','2021-11-21','Yearly'),(375,375,'Jolene','Salazar','lectus.a.sollicitudin@utquamvel.co.uk','1992-03-17','2020-11-21',null,'\x',null,'N','2021-11-21','Yearly'),(376,376,'Yuli','Sheppard','lectus.justo@montesnascetur.net','1992-07-27','2020-11-21',null,'\x',null,'N','2021-11-21','Yearly'),(377,377,'Ivy','Roberson','at@molestie.edu','1992-12-23','2020-11-21',null,'\x',null,'Y','2021-11-21','Yearly'),(378,378,'Beverly','Ramsey','neque@mauriseu.com','1992-01-25','2020-11-21',null,'\x',null,'N','2021-11-21','Yearly');
INSERT INTO member (MemberID,UserID,FirstName,LastName,Email,DateOfBirth,JoinedDate,LeftDate,Photo,Note,NewsLetterSubscription,MembershipExpiryDate,PaymentPlan) VALUES (379,379,'Lucas','Ware','at.fringilla@idrisus.ca','1992-02-17','2020-11-21',null,'\x',null,'Y','2021-11-21','Yearly'),(380,380,'Xandra','Mcneil','cursus.vestibulum.Mauris@Donecconsectetuermauris.edu','1994-07-16','2020-11-21',null,'\x',null,'N','2021-11-21','Yearly'),(381,381,'Stuart','Walker','risus@Donec.com','1997-03-07','2020-11-21',null,'\x',null,'N','2021-11-21','Yearly'),(382,382,'Amal','Hill','Praesent@nonlacinia.net','1997-11-26','2020-11-21',null,'\x',null,'Y','2021-11-21','Yearly'),(383,383,'Rebecca','Adkins','Duis@cubiliaCuraePhasellus.net','1992-10-12','2020-11-21',null,'\x',null,'Y','2021-11-21','Yearly'),(384,384,'Ora','Humphrey','ultricies.adipiscing@quamvelsapien.edu','1992-12-03','2020-11-21',null,'\x',null,'Y','2021-11-21','Yearly'),(385,385,'Bertha','Thomas','at.sem.molestie@sem.com','1993-02-10','2020-11-21',null,'\x',null,'Y','2021-11-21','Yearly'),(386,386,'Hiroko','Boyle','ipsum@liberoProin.co.uk','1994-05-17','2020-11-21',null,'\x',null,'Y','2021-11-21','Yearly'),(387,387,'Quinn','Morse','at.sem.molestie@mauris.edu','1993-07-15','2020-11-21',null,'\x',null,'N','2021-11-21','Yearly'),(388,388,'George','Aguirre','blandit@scelerisquescelerisque.net','1993-02-15','2020-11-21',null,'\x',null,'Y','2021-11-21','Yearly');
INSERT INTO member (MemberID,UserID,FirstName,LastName,Email,DateOfBirth,JoinedDate,LeftDate,Photo,Note,NewsLetterSubscription,MembershipExpiryDate,PaymentPlan) VALUES (389,389,'Abdul','Higgins','ac.risus.Morbi@est.net','1996-05-14','2020-11-21',null,'\x',null,'N','2021-11-21','Yearly'),(390,390,'Shay','Alford','orci.Phasellus@Maurisvel.net','1992-02-18','2020-11-21',null,'\x',null,'Y','2021-11-21','Yearly'),(391,391,'Hyatt','Phillips','congue.elit@et.com','1993-12-08','2020-11-21',null,'\x',null,'N','2021-11-21','Yearly'),(392,392,'Megan','Mckee','Donec.sollicitudin@egestasFusce.edu','1993-09-25','2020-11-21',null,'\x',null,'N','2021-11-21','Yearly'),(393,393,'Knox','Velazquez','Sed.malesuada@estNunc.edu','1993-10-20','2020-11-21',null,'\x',null,'Y','2021-11-21','Yearly'),(394,394,'Kiona','Russell','sem.Pellentesque@quamPellentesque.edu','1993-12-26','2020-11-21',null,'\x',null,'N','2021-11-21','Yearly'),(395,395,'Priscilla','Robles','est.Nunc@etnetus.ca','1996-12-01','2020-11-21',null,'\x',null,'Y','2021-11-21','Yearly'),(396,396,'Ivory','Mcfarland','fermentum@justoPraesentluctus.edu','1993-01-05','2020-11-21',null,'\x',null,'Y','2021-11-21','Yearly'),(397,397,'Joelle','Rodgers','tortor@Fuscefeugiat.edu','1997-08-13','2020-11-21',null,'\x',null,'N','2021-11-21','Yearly'),(398,398,'Hashim','Gross','Mauris.molestie@Proinultrices.co.uk','1994-06-20','2020-11-21',null,'\x',null,'N','2021-11-21','Yearly');
INSERT INTO member (MemberID,UserID,FirstName,LastName,Email,DateOfBirth,JoinedDate,LeftDate,Photo,Note,NewsLetterSubscription,MembershipExpiryDate,PaymentPlan) VALUES (399,399,'Pamela','Tyler','Morbi.accumsan.laoreet@magna.org','1993-05-25','2020-11-21',null,'\x',null,'Y','2021-11-21','Yearly'),(400,400,'Orlando','Avila','dis.parturient@sollicitudin.net','1995-02-28','2020-11-21',null,'\x',null,'Y','2021-11-21','Yearly'),(401,401,'Donna','Contreras','Duis.cursus.diam@placeratvelit.edu','1995-10-15','2020-11-21',null,'\x',null,'N','2021-11-21','Yearly'),(402,402,'Paki','Patrick','nibh.vulputate.mauris@Nunc.ca','1992-08-20','2020-11-21',null,'\x',null,'Y','2021-11-21','Yearly'),(403,403,'Theodore','Sampson','pharetra@purussapien.net','1995-03-17','2020-11-21',null,'\x',null,'N','2021-11-21','Yearly'),(404,404,'Gary','Barber','metus@atlibero.org','1997-01-25','2020-11-21',null,'\x',null,'Y','2021-11-21','Yearly'),(405,405,'Ora','Campos','laoreet@fringilla.ca','1995-03-16','2020-11-21',null,'\x',null,'N','2021-11-21','Yearly'),(406,406,'Cleo','Bruce','malesuada.fames.ac@tortor.org','1993-08-31','2020-11-21',null,'\x',null,'Y','2021-11-21','Yearly'),(407,407,'Colt','Perez','Cras.vulputate@sodales.org','1993-11-12','2020-11-21',null,'\x',null,'N','2021-11-21','Yearly'),(408,408,'Elton','Franklin','laoreet.lectus.quis@est.net','1994-11-07','2020-11-21',null,'\x',null,'Y','2021-11-21','Yearly');
INSERT INTO member (MemberID,UserID,FirstName,LastName,Email,DateOfBirth,JoinedDate,LeftDate,Photo,Note,NewsLetterSubscription,MembershipExpiryDate,PaymentPlan) VALUES (409,409,'Derek','Leonard','lectus@lectus.org','1995-09-05','2020-11-22',null,'\x',null,'Y','2021-11-22','Yearly'),(410,410,'Unity','Goodwin','Ut.semper.pretium@malesuadaiderat.org','1993-07-06','2020-11-22',null,'\x',null,'N','2021-11-22','Yearly'),(411,411,'Adam','Shaffer','per.conubia@mattis.co.uk','1993-01-22','2020-11-22',null,'\x',null,'N','2021-11-22','Yearly'),(412,412,'Jamal','Ramsey','Nunc@hymenaeosMauris.edu','1997-11-19','2020-11-22',null,'\x',null,'Y','2021-11-22','Yearly'),(413,413,'Hoyt','Patton','penatibus.et.magnis@arcu.org','1995-02-25','2020-11-22',null,'\x',null,'Y','2021-11-22','Yearly'),(414,414,'Akeem','Jennings','lacus.Cras@odio.co.uk','1993-06-03','2020-11-22',null,'\x',null,'N','2021-11-22','Yearly'),(415,415,'Guy','English','luctus.felis@orcilacusvestibulum.com','1993-06-17','2020-11-22',null,'\x',null,'Y','2021-11-22','Yearly'),(416,416,'Adara','Rojas','Donec.tincidunt.Donec@placerataugueSed.edu','1995-06-22','2020-11-22',null,'\x',null,'Y','2021-11-22','Yearly'),(417,417,'Leilani','England','adipiscing.enim.mi@blandit.co.uk','1997-05-24','2020-11-22',null,'\x',null,'N','2021-11-22','Yearly'),(418,418,'Quyn','Delgado','at.velit.Cras@blandit.com','1993-06-20','2020-11-22',null,'\x',null,'Y','2021-11-22','Yearly');
INSERT INTO member (MemberID,UserID,FirstName,LastName,Email,DateOfBirth,JoinedDate,LeftDate,Photo,Note,NewsLetterSubscription,MembershipExpiryDate,PaymentPlan) VALUES (419,419,'Oleg','Cote','sit.amet.consectetuer@maurissagittis.com','1997-06-19','2020-11-22',null,'\x',null,'Y','2021-11-22','Yearly'),(420,420,'Paul','Lynn','consequat.purus@erat.com','1996-07-21','2020-11-22',null,'\x',null,'Y','2021-11-22','Yearly'),(421,421,'Brennan','Chapman','a.sollicitudin@enimNuncut.com','1997-12-07','2020-11-22',null,'\x',null,'Y','2021-11-22','Yearly'),(422,422,'Orli','Newman','nec.cursus@aliquetProin.edu','1992-03-14','2020-11-22',null,'\x',null,'Y','2021-11-22','Yearly'),(423,423,'Perry','Harrison','eleifend.vitae.erat@aliquamiaculis.net','1995-05-19','2020-11-22',null,'\x',null,'Y','2021-11-22','Yearly'),(424,424,'Rina','Fitzgerald','urna.convallis.erat@facilisisfacilisismagna.co.uk','1996-06-30','2020-11-22',null,'\x',null,'Y','2021-11-22','Yearly'),(425,425,'Burton','Prince','quis.diam@aarcuSed.edu','1995-12-06','2020-11-22',null,'\x',null,'N','2021-11-22','Yearly'),(426,426,'Axel','Vega','magna.a.neque@commodoipsumSuspendisse.org','1992-01-08','2020-11-22',null,'\x',null,'N','2021-11-22','Yearly'),(427,427,'Nichole','Avila','dui@odio.org','1994-06-05','2020-11-22',null,'\x',null,'N','2021-11-22','Yearly'),(428,428,'Wing','Alvarado','Nunc.mauris.elit@miAliquamgravida.net','1997-04-15','2020-11-22',null,'\x',null,'Y','2021-11-22','Yearly');
INSERT INTO member (MemberID,UserID,FirstName,LastName,Email,DateOfBirth,JoinedDate,LeftDate,Photo,Note,NewsLetterSubscription,MembershipExpiryDate,PaymentPlan) VALUES (429,429,'Ira','Preston','vestibulum.Mauris@necmaurisblandit.edu','1996-09-05','2020-11-22',null,'\x',null,'Y','2021-11-22','Yearly'),(430,430,'Leroy','Roy','est.Nunc.laoreet@pedenonummyut.net','1997-07-19','2020-11-22',null,'\x',null,'Y','2021-11-22','Yearly'),(431,431,'Hadley','Curry','tempor@risus.co.uk','1993-03-05','2020-11-22',null,'\x',null,'Y','2021-11-22','Yearly'),(432,432,'Uma','Salas','congue.turpis.In@Uttinciduntvehicula.ca','1995-08-22','2020-11-22',null,'\x',null,'N','2021-11-22','Yearly'),(433,433,'Ignacia','Santiago','augue@aarcu.com','1997-06-16','2020-11-22',null,'\x',null,'Y','2021-11-22','Yearly'),(434,434,'Emmanuel','Wood','dapibus@Nullamscelerisque.edu','1996-07-10','2020-11-22',null,'\x',null,'N','2021-11-22','Yearly'),(435,435,'Uriah','Duke','Quisque.libero@nibh.com','1994-08-04','2020-11-22',null,'\x',null,'Y','2021-11-22','Yearly'),(436,436,'Kylie','Todd','sem.semper@accumsannequeet.com','1993-07-16','2020-11-22',null,'\x',null,'Y','2021-11-22','Yearly'),(437,437,'Adam','Whitfield','magna.Duis.dignissim@liberoProinsed.ca','1993-06-19','2020-11-22',null,'\x',null,'N','2021-11-22','Yearly'),(438,438,'Jakeem','Hess','mus@ipsumSuspendisse.org','1993-09-07','2020-11-22',null,'\x',null,'Y','2021-11-22','Yearly');
INSERT INTO member (MemberID,UserID,FirstName,LastName,Email,DateOfBirth,JoinedDate,LeftDate,Photo,Note,NewsLetterSubscription,MembershipExpiryDate,PaymentPlan) VALUES (439,439,'Isabella','Hoover','est.arcu.ac@dolorsitamet.edu','1995-03-27','2020-11-22',null,'\x',null,'N','2021-11-22','Yearly'),(440,440,'Laura','Sanford','non.feugiat.nec@ante.net','1993-03-03','2020-11-22',null,'\x',null,'Y','2021-11-22','Yearly'),(441,441,'Carol','May','ante.ipsum@aliquetlobortisnisi.com','1994-09-29','2020-11-22',null,'\x',null,'N','2021-11-22','Yearly'),(442,442,'Alden','Frederick','urna@dui.org','1997-01-29','2020-11-22',null,'\x',null,'Y','2021-11-22','Yearly'),(443,443,'Hiram','Solis','Cum@dapibusidblandit.edu','1996-01-28','2020-11-22',null,'\x',null,'Y','2021-11-22','Yearly'),(444,444,'Frances','Harrell','diam.at@sedturpis.edu','1996-11-11','2020-11-22',null,'\x',null,'Y','2021-11-22','Yearly'),(445,445,'Howard','Sexton','euismod.enim@Nunclectus.org','1997-10-06','2020-11-22',null,'\x',null,'Y','2021-11-22','Yearly'),(446,446,'Nolan','Jensen','ac.metus@velnislQuisque.com','1997-10-08','2020-11-22',null,'\x',null,'N','2021-11-22','Yearly'),(447,447,'Ginger','Kinney','natoque@Donectemporest.org','1992-06-03','2020-11-22',null,'\x',null,'N','2021-11-22','Yearly'),(448,448,'Colt','Hanson','cursus.diam@maurisSuspendisse.co.uk','1996-03-18','2020-11-22',null,'\x',null,'Y','2021-11-22','Yearly');
INSERT INTO member (MemberID,UserID,FirstName,LastName,Email,DateOfBirth,JoinedDate,LeftDate,Photo,Note,NewsLetterSubscription,MembershipExpiryDate,PaymentPlan) VALUES (449,449,'Tate','Wilkins','diam.lorem@fames.net','1992-08-21','2020-11-22',null,'\x',null,'Y','2021-11-22','Yearly'),(450,450,'Herrod','Nixon','tellus.Suspendisse.sed@felis.com','1997-05-06','2020-11-22',null,'\x',null,'Y','2021-11-22','Yearly'),(451,451,'Octavius','Everett','Phasellus.elit.pede@tincidunt.net','1994-04-15','2020-11-22',null,'\x',null,'N','2021-11-22','Yearly'),(452,452,'Oprah','Leon','mus.Proin@dolorFuscefeugiat.net','1992-02-16','2020-11-22',null,'\x',null,'N','2021-11-22','Yearly'),(453,453,'Cynthia','Whitaker','tristique.ac.eleifend@diam.org','1995-02-04','2020-11-22',null,'\x',null,'N','2021-11-22','Yearly'),(454,454,'Macy','Gilliam','nec.tellus.Nunc@mauris.org','1997-11-23','2020-11-22',null,'\x',null,'Y','2021-11-22','Yearly'),(455,455,'Beck','Mcguire','risus@Duis.edu','1995-02-23','2020-11-22',null,'\x',null,'N','2021-11-22','Yearly'),(456,456,'Kibo','Peters','a.neque.Nullam@eu.net','1994-09-17','2020-11-22',null,'\x',null,'N','2021-11-22','Yearly'),(457,457,'Brett','Ryan','Cras.vulputate@fringillapurus.net','1995-08-20','2020-11-22',null,'\x',null,'Y','2021-11-22','Yearly'),(458,458,'Thomas','Weaver','consequat.lectus.sit@magnaa.co.uk','1997-08-07','2020-11-22',null,'\x',null,'Y','2021-11-22','Yearly');
INSERT INTO member (MemberID,UserID,FirstName,LastName,Email,DateOfBirth,JoinedDate,LeftDate,Photo,Note,NewsLetterSubscription,MembershipExpiryDate,PaymentPlan) VALUES (459,459,'Ezekiel','Hansen','at.augue@bibendumsedest.net','1995-05-08','2020-11-22',null,'\x',null,'Y','2021-11-22','Yearly'),(460,460,'Michelle','Fletcher','ornare.facilisis.eget@egetmassaSuspendisse.com','1995-08-07','2020-11-22',null,'\x',null,'N','2021-11-22','Yearly'),(461,461,'Kieran','Bird','tellus@AeneanmassaInteger.com','1993-05-18','2020-11-22',null,'\x',null,'Y','2021-11-22','Yearly'),(462,462,'Tyler','Morgan','elit@ultricesmauris.org','1995-11-24','2020-11-22',null,'\x',null,'Y','2021-11-22','Yearly'),(463,463,'Lucy','Walsh','litora.torquent.per@felispurus.org','1992-01-30','2020-11-22',null,'\x',null,'N','2021-11-22','Yearly'),(464,464,'Tana','Taylor','in@Donecluctusaliquet.com','1995-09-10','2020-11-22',null,'\x',null,'N','2021-11-22','Yearly'),(465,465,'Elizabeth','Mcknight','lacus@anuncIn.co.uk','1995-07-19','2020-11-22',null,'\x',null,'N','2021-11-22','Yearly'),(466,466,'Ciaran','Serrano','ligula.Nullam.feugiat@ametorci.ca','1996-11-21','2020-11-22',null,'\x',null,'Y','2021-11-22','Yearly'),(467,467,'Macey','Downs','Nullam@Suspendissenon.org','1994-05-06','2020-11-22',null,'\x',null,'Y','2021-11-22','Yearly'),(468,468,'Peter','Brady','Donec.non@liberonecligula.net','1994-01-30','2020-11-22',null,'\x',null,'N','2021-11-22','Yearly');
INSERT INTO member (MemberID,UserID,FirstName,LastName,Email,DateOfBirth,JoinedDate,LeftDate,Photo,Note,NewsLetterSubscription,MembershipExpiryDate,PaymentPlan) VALUES (469,469,'Dane','Solis','malesuada@et.ca','1992-05-28','2020-11-22',null,'\x',null,'N','2021-11-22','Yearly'),(470,470,'Byron','Reid','in@eleifendnuncrisus.org','1995-04-24','2020-11-22',null,'\x',null,'Y','2021-11-22','Yearly'),(471,471,'Gloria','Henry','amet.consectetuer.adipiscing@mi.net','1993-06-24','2020-11-22',null,'\x',null,'Y','2021-11-22','Yearly'),(472,472,'Aiko','Atkinson','Ut.sagittis.lobortis@pharetrased.co.uk','1997-08-29','2020-11-22',null,'\x',null,'Y','2021-11-22','Yearly'),(473,473,'Mari','Wilkerson','ligula.tortor.dictum@urnasuscipitnonummy.net','1995-07-18','2020-11-22',null,'\x',null,'Y','2021-11-22','Yearly'),(474,474,'Hayley','Cortez','orci@Duismienim.com','1996-05-28','2020-11-22',null,'\x',null,'N','2021-11-22','Yearly'),(475,475,'Sara','Phelps','ultricies@eros.net','1997-01-11','2020-11-22',null,'\x',null,'N','2021-11-22','Yearly'),(476,476,'Ainsley','Mcdowell','enim@idmollis.com','1994-02-21','2020-11-22',null,'\x',null,'Y','2021-11-22','Yearly'),(477,477,'Minerva','Willis','turpis.nec@velvulputate.com','1993-04-01','2020-11-22',null,'\x',null,'Y','2021-11-22','Yearly'),(478,478,'Desiree','Kelly','amet.ultricies.sem@Cum.edu','1993-06-20','2020-11-22',null,'\x',null,'Y','2021-11-22','Yearly');
INSERT INTO member (MemberID,UserID,FirstName,LastName,Email,DateOfBirth,JoinedDate,LeftDate,Photo,Note,NewsLetterSubscription,MembershipExpiryDate,PaymentPlan) VALUES (479,479,'Brianna','Mooney','ut@veliteget.org','1995-12-27','2020-11-22',null,'\x',null,'N','2021-11-22','Yearly'),(480,480,'Christine','Oneal','sagittis.placerat.Cras@luctusvulputatenisi.co.uk','1993-06-26','2020-11-22',null,'\x',null,'Y','2021-11-22','Yearly'),(481,481,'Portia','Harris','Etiam.gravida@rutrumlorem.net','1994-03-02','2020-11-22',null,'\x',null,'N','2021-11-22','Yearly'),(482,482,'Christen','Horton','tellus.faucibus@sitamet.com','1994-07-08','2020-11-22',null,'\x',null,'Y','2021-11-22','Yearly'),(483,483,'Willa','Hurley','at.nisi.Cum@magna.ca','1996-08-30','2020-11-22',null,'\x',null,'Y','2021-11-22','Yearly'),(484,484,'Theodore','Torres','felis.orci@eratinconsectetuer.net','1993-03-26','2020-11-22',null,'\x',null,'N','2021-11-22','Yearly'),(485,485,'Lucius','Soto','Aliquam.erat.volutpat@tortor.ca','1995-12-06','2020-11-22',null,'\x',null,'Y','2021-11-22','Yearly'),(486,486,'Harrison','Valentine','non.massa@esttempor.co.uk','1994-11-14','2020-11-22',null,'\x',null,'N','2021-11-22','Yearly'),(487,487,'Akeem','Larsen','aliquam.enim@justoeuarcu.co.uk','1994-11-19','2020-11-22',null,'\x',null,'Y','2021-11-22','Yearly'),(488,488,'Richard','Melendez','egestas.Aliquam.fringilla@orcilacus.org','1993-04-01','2020-11-22',null,'\x',null,'N','2021-11-22','Yearly');
INSERT INTO member (MemberID,UserID,FirstName,LastName,Email,DateOfBirth,JoinedDate,LeftDate,Photo,Note,NewsLetterSubscription,MembershipExpiryDate,PaymentPlan) VALUES (489,489,'Abdul','Rhodes','Sed.neque.Sed@nunc.com','1996-04-22','2020-11-22',null,'\x',null,'Y','2021-11-22','Yearly'),(490,490,'Morgan','Boyd','Cras.eget@CuraePhasellus.net','1996-08-25','2020-11-22',null,'\x',null,'Y','2021-11-22','Yearly'),(491,491,'Cassandra','Sparks','lacus@Sedeu.ca','1992-02-20','2020-11-22',null,'\x',null,'N','2021-11-22','Yearly'),(492,492,'Vance','Johnston','feugiat@torquent.org','1997-05-10','2020-11-22',null,'\x',null,'N','2021-11-22','Yearly'),(493,493,'Adam','Erickson','in.tempus@urna.edu','1997-09-06','2020-11-22',null,'\x',null,'N','2021-11-22','Yearly'),(494,494,'Ivor','Herring','tempor.erat.neque@orciquis.net','1994-02-10','2020-11-22',null,'\x',null,'Y','2021-11-22','Yearly'),(495,495,'Branden','Kaufman','leo@ultricies.net','1992-03-09','2020-11-22',null,'\x',null,'N','2021-11-22','Yearly'),(496,496,'Simon','Mercado','est.Nunc@Nullamvelit.com','1992-05-09','2020-11-22',null,'\x',null,'Y','2021-11-22','Yearly'),(497,497,'Brianna','Rodgers','ligula@fermentummetusAenean.net','1992-02-19','2020-11-22',null,'\x',null,'N','2021-11-22','Yearly'),(498,498,'Elijah','Holland','vitae.sodales@erat.org','1992-10-14','2020-11-22',null,'\x',null,'Y','2021-11-22','Yearly');
INSERT INTO member (MemberID,UserID,FirstName,LastName,Email,DateOfBirth,JoinedDate,LeftDate,Photo,Note,NewsLetterSubscription,MembershipExpiryDate,PaymentPlan) VALUES (499,499,'Adrian','Chang','diam@a.net','1997-09-03','2020-11-22',null,'\x',null,'N','2021-11-22','Yearly'),(500,500,'Ciara','Rosa','risus@eterosProin.ca','1995-03-14','2020-11-22',null,'\x',null,'N','2021-11-22','Yearly'),(501,501,'Dacey','Grant','iaculis@Morbiquisurna.net','1996-09-29','2020-11-22',null,'\x',null,'N','2021-11-22','Yearly'),(502,502,'Tyrone','Prince','Morbi.metus@pede.edu','1994-04-24','2020-11-22',null,'\x',null,'Y','2021-11-22','Yearly'),(503,503,'Reese','Doyle','pellentesque.Sed.dictum@Donecegestas.com','1995-01-29','2020-11-22',null,'\x',null,'Y','2021-11-22','Yearly'),(504,504,'Jelani','Morin','dui.augue@nequetellusimperdiet.com','1994-11-25','2020-11-22',null,'\x',null,'Y','2021-11-22','Yearly'),(505,505,'TaShya','Murphy','eu.dui@adlitora.ca','1995-05-03','2020-11-22',null,'\x',null,'Y','2021-11-22','Yearly'),(506,506,'Yardley','Craig','lobortis@urna.co.uk','1992-07-03','2020-11-22',null,'\x',null,'N','2021-11-22','Yearly'),(507,507,'Jade','Harrison','erat.eget.ipsum@Praesenteunulla.net','1992-07-07','2020-11-22',null,'\x',null,'Y','2021-11-22','Yearly'),(508,508,'Jermaine','Higgins','Maecenas.malesuada.fringilla@miAliquamgravida.edu','1992-11-15','2020-11-22',null,'\x',null,'N','2021-11-22','Yearly');
INSERT INTO member (MemberID,UserID,FirstName,LastName,Email,DateOfBirth,JoinedDate,LeftDate,Photo,Note,NewsLetterSubscription,MembershipExpiryDate,PaymentPlan) VALUES (509,509,'Jerome','Lott','dis.parturient@ornare.net','1993-04-08','2020-11-22',null,'\x',null,'Y','2021-11-22','Yearly'),(510,510,'Carly','Underwood','Quisque@quisarcu.net','1995-12-13','2020-11-22',null,'\x',null,'N','2021-11-22','Yearly'),(511,511,'Burton','Villarreal','Mauris@tristique.org','1994-07-15','2020-11-22',null,'\x',null,'N','2021-11-22','Yearly'),(512,512,'Tobias','Mooney','sem.ut@elitafeugiat.com','1997-03-18','2020-11-22',null,'\x',null,'N','2021-11-22','Yearly'),(513,513,'Sonya','Whitley','Aliquam.auctor@orciUtsemper.org','1995-01-19','2020-11-22',null,'\x',null,'Y','2021-11-22','Yearly'),(514,514,'John','Goodman','mollis@eratsemper.com','1995-08-29','2020-11-22',null,'\x',null,'N','2021-11-22','Yearly'),(515,515,'Talon','Moon','a@tristique.net','1996-08-17','2020-11-22',null,'\x',null,'Y','2021-11-22','Yearly'),(516,516,'Pandora','Burris','facilisis@a.ca','1992-04-19','2020-11-22',null,'\x',null,'N','2021-11-22','Yearly'),(517,517,'Dolan','Maldonado','Nullam.feugiat@netuset.ca','1997-11-02','2020-11-22',null,'\x',null,'N','2021-11-22','Yearly'),(518,518,'Walter','Wiggins','urna@gravidasitamet.ca','1995-09-01','2020-11-22',null,'\x',null,'N','2021-11-22','Yearly');
INSERT INTO member (MemberID,UserID,FirstName,LastName,Email,DateOfBirth,JoinedDate,LeftDate,Photo,Note,NewsLetterSubscription,MembershipExpiryDate,PaymentPlan) VALUES (519,519,'Deirdre','Fletcher','dolor@mitemporlorem.net','1996-03-23','2020-11-22',null,'\x',null,'Y','2021-11-22','Yearly'),(520,520,'Alika','Talley','eget@loremut.com','1993-12-16','2020-11-22',null,'\x',null,'Y','2021-11-22','Yearly'),(521,521,'Mariko','Ware','et@Sed.co.uk','1997-04-16','2020-11-22',null,'\x',null,'N','2021-11-22','Yearly'),(522,522,'Warren','Roberts','pede.blandit@ametanteVivamus.co.uk','1993-08-28','2020-11-22',null,'\x',null,'N','2021-11-22','Yearly'),(523,523,'Fiona','Stafford','volutpat@mattis.ca','1996-07-22','2020-11-22',null,'\x',null,'Y','2021-11-22','Yearly'),(524,524,'Leonard','Henson','ullamcorper.velit.in@Pellentesqueultricies.com','1992-10-14','2020-11-22',null,'\x',null,'Y','2021-11-22','Yearly'),(525,525,'Tatum','Gibson','lorem.auctor@rutrum.org','1994-12-11','2020-11-22',null,'\x',null,'N','2021-11-22','Yearly'),(526,526,'Cherokee','Underwood','felis.purus@risusMorbimetus.ca','1996-09-08','2020-11-22',null,'\x',null,'Y','2021-11-22','Yearly'),(527,527,'Dalton','Atkinson','egestas.ligula@ipsumCurabitur.org','1994-04-27','2020-11-22',null,'\x',null,'N','2021-11-22','Yearly'),(528,528,'Sharon','Weaver','consequat@Praesent.com','1995-04-16','2020-11-22',null,'\x',null,'Y','2021-11-22','Yearly');
INSERT INTO member (MemberID,UserID,FirstName,LastName,Email,DateOfBirth,JoinedDate,LeftDate,Photo,Note,NewsLetterSubscription,MembershipExpiryDate,PaymentPlan) VALUES (529,529,'Genevieve','Garrison','lacus@laoreetipsumCurabitur.co.uk','1993-11-27','2020-11-22',null,'\x',null,'N','2021-11-22','Yearly'),(530,530,'Flavia','Everett','nunc@dolorFusce.ca','1996-01-08','2020-11-22',null,'\x',null,'N','2021-11-22','Yearly'),(531,531,'Britanni','King','gravida.Aliquam.tincidunt@In.ca','1994-10-18','2020-11-22',null,'\x',null,'N','2021-11-22','Yearly'),(532,532,'Duncan','William','nunc.sed@Duis.com','1992-10-06','2020-11-22',null,'\x',null,'Y','2021-11-22','Yearly'),(533,533,'Brendan','May','Aliquam.vulputate.ullamcorper@semvitaealiquam.net','1996-08-08','2020-11-22',null,'\x',null,'N','2021-11-22','Yearly'),(534,534,'Kirk','Benjamin','Integer.eu@erat.edu','1996-03-05','2020-11-22',null,'\x',null,'N','2021-11-22','Yearly'),(535,535,'Hasad','Buckner','purus.Maecenas@elementumpurus.edu','1995-07-29','2020-11-22',null,'\x',null,'N','2021-11-22','Yearly'),(536,536,'Stuart','Clark','nunc.risus@tempuslorem.co.uk','1992-08-13','2020-11-22',null,'\x',null,'Y','2021-11-22','Yearly'),(537,537,'Leandra','Figueroa','dolor.elit.pellentesque@consectetuereuismodest.org','1993-07-04','2020-11-22',null,'\x',null,'Y','2021-11-22','Yearly'),(538,538,'Ruth','Peters','urna@felis.com','1994-09-27','2020-11-22',null,'\x',null,'N','2021-11-22','Yearly');
INSERT INTO member (MemberID,UserID,FirstName,LastName,Email,DateOfBirth,JoinedDate,LeftDate,Photo,Note,NewsLetterSubscription,MembershipExpiryDate,PaymentPlan) VALUES (539,539,'Acton','Cannon','enim@elit.net','1993-01-20','2020-11-22',null,'\x',null,'Y','2021-11-22','Yearly'),(540,540,'Harlan','Bond','vulputate.eu@ante.net','1995-12-12','2020-11-22',null,'\x',null,'Y','2021-11-22','Yearly'),(541,541,'Rahim','Allison','tellus.Phasellus.elit@erosNamconsequat.ca','1994-02-22','2020-11-22',null,'\x',null,'Y','2021-11-22','Yearly'),(542,542,'Gwendolyn','Oneill','ipsum.ac@tinciduntorci.com','1997-05-26','2020-11-22',null,'\x',null,'Y','2021-11-22','Yearly'),(543,543,'Dakota','Jennings','et.arcu.imperdiet@Phasellus.edu','1997-12-03','2020-11-22',null,'\x',null,'N','2021-11-22','Yearly'),(544,544,'Quon','Mathis','lacus.vestibulum.lorem@gravida.ca','1994-07-07','2020-11-22',null,'\x',null,'Y','2021-11-22','Yearly'),(545,545,'Miranda','Obrien','nonummy.ipsum.non@auctorullamcorpernisl.co.uk','1996-07-16','2020-11-22',null,'\x',null,'N','2021-11-22','Yearly'),(546,546,'Hamish','Goff','porttitor.interdum@porttitorvulputate.com','1995-10-20','2020-11-22',null,'\x',null,'Y','2021-11-22','Yearly'),(547,547,'Celeste','Castillo','at@libero.co.uk','1995-07-09','2020-11-22',null,'\x',null,'Y','2021-11-22','Yearly'),(548,548,'Talon','Palmer','nulla.Cras@commodohendreritDonec.co.uk','1992-06-22','2020-11-22',null,'\x',null,'N','2021-11-22','Yearly');
INSERT INTO member (MemberID,UserID,FirstName,LastName,Email,DateOfBirth,JoinedDate,LeftDate,Photo,Note,NewsLetterSubscription,MembershipExpiryDate,PaymentPlan) VALUES (549,549,'Aladdin','Bird','mi.felis@sit.com','1994-10-21','2020-11-22',null,'\x',null,'N','2021-11-22','Yearly'),(550,550,'Tatyana','Stafford','est@dapibusligulaAliquam.co.uk','1996-04-10','2020-11-22',null,'\x',null,'Y','2021-11-22','Yearly'),(551,551,'Adam','Cooper','amet.ornare@ametconsectetueradipiscing.edu','1996-04-26','2020-11-22',null,'\x',null,'Y','2021-11-22','Yearly'),(552,552,'Dieter','Carroll','libero.Proin@necdiamDuis.co.uk','1992-11-30','2020-11-22',null,'\x',null,'N','2021-11-22','Yearly'),(553,553,'Flavia','Barrera','orci.lacus.vestibulum@tortorNunccommodo.org','1996-04-15','2020-11-22',null,'\x',null,'Y','2021-11-22','Yearly'),(554,554,'Lenore','Jimenez','natoque@venenatisa.com','1994-06-06','2020-11-22',null,'\x',null,'N','2021-11-22','Yearly'),(555,555,'Eliana','King','molestie.Sed@molestiein.net','1996-12-22','2020-11-22',null,'\x',null,'N','2021-11-22','Yearly'),(556,556,'Danielle','Mueller','a@egestas.edu','1994-05-28','2020-11-22',null,'\x',null,'Y','2021-11-22','Yearly'),(557,557,'Jayme','Everett','arcu.Sed@Cras.ca','1993-11-03','2020-11-22',null,'\x',null,'N','2021-11-22','Yearly'),(558,558,'Kamal','Aguirre','eros.turpis.non@a.com','1993-10-07','2020-11-22',null,'\x',null,'N','2021-11-22','Yearly');
INSERT INTO member (MemberID,UserID,FirstName,LastName,Email,DateOfBirth,JoinedDate,LeftDate,Photo,Note,NewsLetterSubscription,MembershipExpiryDate,PaymentPlan) VALUES (559,559,'Nicole','Mays','volutpat@Sed.edu','1995-05-30','2020-11-22',null,'\x',null,'N','2021-11-22','Yearly'),(560,560,'Bruce','Church','amet@molestiesodalesMauris.co.uk','1995-10-30','2020-11-22',null,'\x',null,'Y','2021-11-22','Yearly'),(561,561,'Alan','Harmon','accumsan.sed.facilisis@acnulla.org','1996-11-12','2020-11-22',null,'\x',null,'N','2021-11-22','Yearly'),(562,562,'Phoebe','Jensen','faucibus.orci@aliquamenimnec.ca','1992-04-30','2020-11-22',null,'\x',null,'N','2021-11-22','Yearly'),(563,563,'Tara','Lewis','at.velit@imperdietnon.org','1996-08-26','2020-11-22',null,'\x',null,'N','2021-11-22','Yearly'),(564,564,'Noble','Compton','aliquet@amet.edu','1992-07-26','2020-11-22',null,'\x',null,'N','2021-11-22','Yearly'),(565,565,'Bert','Boyle','in.cursus@elementum.org','1996-08-30','2020-11-22',null,'\x',null,'N','2021-11-22','Yearly'),(566,566,'Perry','Rivas','Phasellus@metusvitae.com','1993-11-21','2020-11-22',null,'\x',null,'N','2021-11-22','Yearly'),(567,567,'Wyatt','Swanson','arcu.imperdiet.ullamcorper@convallisligulaDonec.co.uk','1994-05-03','2020-11-22',null,'\x',null,'N','2021-11-22','Yearly'),(568,568,'Freya','Pennington','euismod.enim.Etiam@anteMaecenas.com','1994-09-22','2020-11-22',null,'\x',null,'N','2021-11-22','Yearly');
INSERT INTO member (MemberID,UserID,FirstName,LastName,Email,DateOfBirth,JoinedDate,LeftDate,Photo,Note,NewsLetterSubscription,MembershipExpiryDate,PaymentPlan) VALUES (569,569,'Colt','Bartlett','augue@ligulaDonec.edu','1992-12-16','2020-11-22',null,'\x',null,'Y','2021-11-22','Yearly'),(570,570,'Tad','Jefferson','Maecenas@est.com','1995-04-12','2020-11-22',null,'\x',null,'N','2021-11-22','Yearly'),(571,571,'Coby','Emerson','nibh.Donec.est@molestie.com','1997-07-27','2020-11-22',null,'\x',null,'Y','2021-11-22','Yearly'),(572,572,'Benjamin','Carver','ipsum.leo@velitegetlaoreet.com','1993-08-14','2020-11-22',null,'\x',null,'N','2021-11-22','Yearly'),(573,573,'Sheila','Jordan','velit.egestas@euismodurnaNullam.ca','1997-04-22','2020-11-22',null,'\x',null,'N','2021-11-22','Yearly'),(574,574,'Ian','Solis','vel.turpis.Aliquam@Aliquam.co.uk','1994-11-02','2020-11-22',null,'\x',null,'Y','2021-11-22','Yearly'),(575,575,'Bert','Fischer','taciti.sociosqu@Cras.org','1997-10-13','2020-11-22',null,'\x',null,'N','2021-11-22','Yearly'),(576,576,'Ava','Manning','Mauris@Aliquam.edu','1994-05-09','2020-11-22',null,'\x',null,'Y','2021-11-22','Yearly'),(577,577,'Brenda','Roy','luctus@scelerisque.net','1997-11-27','2020-11-22',null,'\x',null,'N','2021-11-22','Yearly'),(578,578,'Jaden','Larsen','massa.Quisque.porttitor@Duismienim.ca','1993-04-01','2020-11-22',null,'\x',null,'Y','2021-11-22','Yearly');
INSERT INTO member (MemberID,UserID,FirstName,LastName,Email,DateOfBirth,JoinedDate,LeftDate,Photo,Note,NewsLetterSubscription,MembershipExpiryDate,PaymentPlan) VALUES (579,579,'Jermaine','Cervantes','ultrices.a.auctor@odiosagittissemper.ca','1994-08-23','2020-11-22',null,'\x',null,'N','2021-11-22','Yearly'),(580,580,'Hedwig','Morse','aliquet.odio@quismassa.com','1995-02-11','2020-11-22',null,'\x',null,'N','2021-11-22','Yearly'),(581,581,'MacKenzie','Hopkins','ultricies@risus.edu','1996-03-08','2020-11-22',null,'\x',null,'N','2021-11-22','Yearly'),(582,582,'Anastasia','Pollard','et.libero.Proin@orci.net','1994-06-11','2020-11-22',null,'\x',null,'Y','2021-11-22','Yearly'),(583,583,'Hadassah','Hewitt','sociosqu.ad.litora@vitaedolor.co.uk','1994-04-30','2020-11-22',null,'\x',null,'Y','2021-11-22','Yearly'),(584,584,'Carter','Frederick','Donec.tempor.est@quisurna.net','1993-09-09','2020-11-22',null,'\x',null,'Y','2021-11-22','Yearly'),(585,585,'Aquila','Williamson','in.lobortis.tellus@Nullamut.co.uk','1995-05-26','2020-11-22',null,'\x',null,'Y','2021-11-22','Yearly'),(586,586,'Rashad','Robinson','fringilla@orciluctuset.net','1992-01-31','2020-11-22',null,'\x',null,'N','2021-11-22','Yearly'),(587,587,'Travis','Hampton','vel.nisl.Quisque@rhoncusDonec.edu','1993-07-16','2020-11-22',null,'\x',null,'Y','2021-11-22','Yearly'),(588,588,'Ross','Santos','neque@Aliquam.edu','1997-03-23','2020-11-22',null,'\x',null,'Y','2021-11-22','Yearly');
INSERT INTO member (MemberID,UserID,FirstName,LastName,Email,DateOfBirth,JoinedDate,LeftDate,Photo,Note,NewsLetterSubscription,MembershipExpiryDate,PaymentPlan) VALUES (589,589,'Noelle','Caldwell','sagittis.Nullam@augueeutellus.org','1992-03-22','2020-11-22',null,'\x',null,'N','2021-11-22','Yearly'),(590,590,'Amanda','Whitney','Nullam@feugiattellus.org','1995-07-03','2020-11-22',null,'\x',null,'N','2021-11-22','Yearly'),(591,591,'Venus','Whitfield','diam.Proin@liberoat.ca','1993-09-26','2020-11-22',null,'\x',null,'Y','2021-11-22','Yearly'),(592,592,'Sean','Russell','non.sollicitudin.a@at.org','1996-05-10','2020-11-22',null,'\x',null,'N','2021-11-22','Yearly'),(593,593,'Raja','Pugh','et.commodo@nonummy.com','1994-11-12','2020-11-22',null,'\x',null,'Y','2021-11-22','Yearly'),(594,594,'Kasper','Fitzpatrick','eleifend@Aliquamgravidamauris.edu','1997-10-07','2020-11-22',null,'\x',null,'N','2021-11-22','Yearly'),(595,595,'Zephania','Waters','lectus.pede@Seddictum.edu','1997-04-15','2020-11-22',null,'\x',null,'N','2021-11-22','Yearly'),(596,596,'Cara','Carpenter','nunc@luctuslobortisClass.ca','1996-04-13','2020-11-22',null,'\x',null,'Y','2021-11-22','Yearly'),(597,597,'Shellie','Pace','tincidunt.pede.ac@nuncidenim.ca','1994-06-09','2020-11-22',null,'\x',null,'Y','2021-11-22','Yearly'),(598,598,'Sylvester','White','a@iaculis.co.uk','1997-04-26','2020-11-22',null,'\x',null,'Y','2021-11-22','Yearly');
INSERT INTO member (MemberID,UserID,FirstName,LastName,Email,DateOfBirth,JoinedDate,LeftDate,Photo,Note,NewsLetterSubscription,MembershipExpiryDate,PaymentPlan) VALUES (599,599,'Dora','Whitaker','vitae.diam@sem.org','1997-08-30','2020-11-22',null,'\x',null,'Y','2021-11-22','Yearly'),(600,600,'Sydnee','Barron','Phasellus.vitae@lacusvestibulumlorem.org','1993-06-09','2020-11-22',null,'\x',null,'N','2021-11-22','Yearly'),(601,601,'Jared','Howard','vel.nisl@ipsumleo.co.uk','1992-11-10','2020-11-22',null,'\x',null,'N','2021-11-22','Yearly'),(602,602,'Phyllis','Atkinson','erat@Nulla.ca','1993-12-14','2020-11-22',null,'\x',null,'N','2021-11-22','Yearly'),(603,603,'Judah','Dixon','mollis.Integer@commodoipsumSuspendisse.edu','1993-12-08','2020-11-22',null,'\x',null,'N','2021-11-22','Yearly'),(604,604,'Hilel','Neal','Quisque.varius@eu.co.uk','1992-11-11','2020-11-22',null,'\x',null,'N','2021-11-22','Yearly'),(605,605,'Xandra','Hubbard','tempor.erat.neque@nullaanteiaculis.co.uk','1995-07-22','2020-11-22',null,'\x',null,'N','2021-11-22','Yearly'),(606,606,'Kylynn','Hogan','Donec.non@velitAliquam.edu','1996-05-08','2020-11-22',null,'\x',null,'N','2021-11-22','Yearly'),(607,607,'Derek','Shepherd','nunc@semelitpharetra.co.uk','1996-03-16','2020-11-22',null,'\x',null,'N','2021-11-22','Yearly'),(608,608,'Kadeem','Chambers','id@Cras.net','1993-06-06','2020-11-22',null,'\x',null,'Y','2021-11-22','Yearly');
INSERT INTO member (MemberID,UserID,FirstName,LastName,Email,DateOfBirth,JoinedDate,LeftDate,Photo,Note,NewsLetterSubscription,MembershipExpiryDate,PaymentPlan) VALUES (609,609,'Scott','Mcpherson','consectetuer.adipiscing.elit@Cras.com','1992-02-16','2020-11-22',null,'\x',null,'Y','2021-11-22','Yearly'),(610,610,'Aphrodite','Riggs','a@non.com','1994-04-15','2020-11-22',null,'\x',null,'N','2021-11-22','Yearly'),(611,611,'Ray','Burt','tellus.imperdiet.non@sagittisaugueeu.edu','1997-08-21','2020-11-22',null,'\x',null,'Y','2021-11-22','Yearly'),(612,612,'Tallulah','Bowers','mauris@in.org','1996-06-15','2020-11-22',null,'\x',null,'N','2021-11-22','Yearly'),(613,613,'Gloria','Franks','montes@DuisgravidaPraesent.com','1992-09-19','2020-11-22',null,'\x',null,'Y','2021-11-22','Yearly'),(614,614,'Amity','Gilbert','metus@egetvolutpat.net','1995-05-12','2020-11-22',null,'\x',null,'N','2021-11-22','Yearly'),(615,615,'Astra','Henson','accumsan@nequetellusimperdiet.ca','1994-03-26','2020-11-22',null,'\x',null,'Y','2021-11-22','Yearly'),(616,616,'Lewis','Oneal','Suspendisse.ac.metus@sodales.co.uk','1997-06-22','2020-11-22',null,'\x',null,'Y','2021-11-22','Yearly'),(617,617,'Yoko','Baker','aliquam.enim.nec@blanditmattis.ca','1994-10-20','2020-11-22',null,'\x',null,'N','2021-11-22','Yearly'),(618,618,'Callie','Cooper','scelerisque@tempus.com','1994-12-16','2020-11-22',null,'\x',null,'N','2021-11-22','Yearly');
INSERT INTO member (MemberID,UserID,FirstName,LastName,Email,DateOfBirth,JoinedDate,LeftDate,Photo,Note,NewsLetterSubscription,MembershipExpiryDate,PaymentPlan) VALUES (619,619,'Ross','Bolton','lacus@sociisnatoque.org','1993-06-10','2020-11-22',null,'\x',null,'N','2021-11-22','Yearly'),(620,620,'Fay','Salazar','Nullam@Aliquam.co.uk','1994-06-26','2020-11-22',null,'\x',null,'N','2021-11-22','Yearly'),(621,621,'Hu','Greer','turpis.Nulla@pellentesqueafacilisis.co.uk','1997-11-02','2020-11-22',null,'\x',null,'N','2021-11-22','Yearly'),(622,622,'Beatrice','Gardner','in.aliquet.lobortis@mus.co.uk','1993-03-29','2020-11-22',null,'\x',null,'N','2021-11-22','Yearly'),(623,623,'Victoria','Davenport','lacus.Cras@velvenenatisvel.ca','1995-04-27','2020-11-22',null,'\x',null,'Y','2021-11-22','Yearly'),(624,624,'Shelley','Acosta','ipsum.sodales.purus@in.org','1993-06-18','2020-11-22',null,'\x',null,'N','2021-11-22','Yearly'),(625,625,'Connor','Sloan','enim@luctusipsum.org','1995-08-07','2020-11-22',null,'\x',null,'N','2021-11-22','Yearly'),(626,626,'Xandra','Pena','elit.Curabitur@ametluctusvulputate.com','1996-12-12','2020-11-22',null,'\x',null,'Y','2021-11-22','Yearly'),(627,627,'Orson','Allen','erat.in@eratSed.co.uk','1996-07-19','2020-11-22',null,'\x',null,'Y','2021-11-22','Yearly'),(628,628,'Richard','Joyner','eget.lacus@adipiscing.net','1996-05-03','2020-11-22',null,'\x',null,'N','2021-11-22','Yearly');
INSERT INTO member (MemberID,UserID,FirstName,LastName,Email,DateOfBirth,JoinedDate,LeftDate,Photo,Note,NewsLetterSubscription,MembershipExpiryDate,PaymentPlan) VALUES (629,629,'Demetria','Guthrie','mattis@lacinia.co.uk','1992-01-03','2020-11-22',null,'\x',null,'Y','2021-11-22','Yearly'),(630,630,'Illana','Russell','ullamcorper.Duis@cursusInteger.org','1995-02-21','2020-11-22',null,'\x',null,'N','2021-11-22','Yearly'),(631,631,'Rashad','Brock','orci@purus.net','1993-04-10','2020-11-22',null,'\x',null,'N','2021-11-22','Yearly'),(632,632,'Daquan','Thomas','molestie@placeratvelitQuisque.ca','1992-06-06','2020-11-22',null,'\x',null,'Y','2021-11-22','Yearly'),(633,633,'Clementine','Madden','aliquam.eu.accumsan@quispede.com','1992-09-27','2020-11-22',null,'\x',null,'N','2021-11-22','Yearly'),(634,634,'Holmes','Wallace','dolor@tincidunt.net','1993-10-04','2020-11-22',null,'\x',null,'Y','2021-11-22','Yearly'),(635,635,'Xavier','Ross','at.pede.Cras@tellus.org','1997-02-09','2020-11-22',null,'\x',null,'Y','2021-11-22','Yearly'),(636,636,'Virginia','Mathis','Curabitur.vel@Curabitur.ca','1993-07-27','2020-11-22',null,'\x',null,'N','2021-11-22','Yearly'),(637,637,'Jin','Butler','sapien@consectetueradipiscingelit.edu','1996-12-06','2020-11-22',null,'\x',null,'Y','2021-11-22','Yearly'),(638,638,'Elizabeth','Dominguez','accumsan.laoreet.ipsum@sitamet.ca','1997-03-21','2020-11-22',null,'\x',null,'N','2021-11-22','Yearly');
INSERT INTO member (MemberID,UserID,FirstName,LastName,Email,DateOfBirth,JoinedDate,LeftDate,Photo,Note,NewsLetterSubscription,MembershipExpiryDate,PaymentPlan) VALUES (639,639,'Wade','Burns','arcu@velconvallisin.co.uk','1996-11-09','2020-11-22',null,'\x',null,'Y','2021-11-22','Yearly'),(640,640,'Jason','Bright','mauris.id@necenimNunc.com','1994-12-18','2020-11-22',null,'\x',null,'Y','2021-11-22','Yearly'),(641,641,'Brady','Wise','eros.Proin@est.edu','1996-11-24','2020-11-22',null,'\x',null,'Y','2021-11-22','Yearly'),(642,642,'Arden','Cohen','sodales@anteNunc.edu','1997-04-01','2020-11-22',null,'\x',null,'Y','2021-11-22','Yearly'),(643,643,'Robin','Lester','aliquet@eleifend.ca','1997-09-14','2020-11-22',null,'\x',null,'N','2021-11-22','Yearly'),(644,644,'Evelyn','Douglas','accumsan@sagittislobortismauris.ca','1995-09-29','2020-11-22',null,'\x',null,'N','2021-11-22','Yearly'),(645,645,'Conan','Faulkner','placerat.augue@tellus.co.uk','1996-10-10','2020-11-22',null,'\x',null,'N','2021-11-22','Yearly'),(646,646,'Stuart','Kelley','posuere@vulputatenisi.ca','1997-03-12','2020-11-22',null,'\x',null,'N','2021-11-22','Yearly'),(647,647,'Orlando','Obrien','morbi.tristique@egetlaoreet.co.uk','1996-04-15','2020-11-22',null,'\x',null,'N','2021-11-22','Yearly'),(648,648,'Emerson','Petty','vitae@orciluctuset.org','1995-03-30','2020-11-22',null,'\x',null,'N','2021-11-22','Yearly');
INSERT INTO member (MemberID,UserID,FirstName,LastName,Email,DateOfBirth,JoinedDate,LeftDate,Photo,Note,NewsLetterSubscription,MembershipExpiryDate,PaymentPlan) VALUES (649,649,'Candace','Kline','eget@sodalesMaurisblandit.org','1996-10-04','2020-11-22',null,'\x',null,'N','2021-11-22','Yearly'),(650,650,'Ori','Gallegos','Fusce.diam@Nuncpulvinar.org','1996-01-10','2020-11-22',null,'\x',null,'Y','2021-11-22','Yearly'),(651,651,'Rama','Tyler','auctor.odio.a@ipsumacmi.net','1997-04-21','2020-11-22',null,'\x',null,'N','2021-11-22','Yearly'),(652,652,'Ezekiel','Shannon','ipsum.primis.in@lobortisquam.co.uk','1997-07-07','2020-11-22',null,'\x',null,'Y','2021-11-22','Yearly'),(653,653,'Otto','Floyd','Cras.eget.nisi@ultricesVivamusrhoncus.org','1997-03-12','2020-11-22',null,'\x',null,'Y','2021-11-22','Yearly'),(654,654,'Dahlia','Holmes','elementum@placerat.org','1994-11-24','2020-11-22',null,'\x',null,'N','2021-11-22','Yearly'),(655,655,'Reuben','Morris','consectetuer@Nullasemper.org','1995-08-04','2020-11-22',null,'\x',null,'Y','2021-11-22','Yearly'),(656,656,'Hayley','Sykes','et.libero.Proin@necurna.edu','1995-07-11','2020-11-22',null,'\x',null,'Y','2021-11-22','Yearly'),(657,657,'Dylan','Macias','elit@eleifend.co.uk','1992-03-04','2020-11-22',null,'\x',null,'N','2021-11-22','Yearly'),(658,658,'Dai','Russo','turpis.nec.mauris@sit.co.uk','1995-01-09','2020-11-22',null,'\x',null,'Y','2021-11-22','Yearly');
INSERT INTO member (MemberID,UserID,FirstName,LastName,Email,DateOfBirth,JoinedDate,LeftDate,Photo,Note,NewsLetterSubscription,MembershipExpiryDate,PaymentPlan) VALUES (659,659,'Nathaniel','Mcguire','dictum.sapien@auctor.com','1992-03-16','2020-11-22',null,'\x',null,'Y','2021-11-22','Yearly'),(660,660,'Florence','Barker','leo.elementum.sem@MorbivehiculaPellentesque.org','1993-12-25','2020-11-22',null,'\x',null,'Y','2021-11-22','Yearly'),(661,661,'Stephen','Burns','est.ac.mattis@urna.com','1994-09-13','2020-11-22',null,'\x',null,'Y','2021-11-22','Yearly'),(662,662,'Daquan','Petersen','Phasellus.nulla@acarcuNunc.org','1994-08-05','2020-11-22',null,'\x',null,'Y','2021-11-22','Yearly'),(663,663,'Zane','Patton','ultricies.ornare.elit@blanditmattis.org','1994-05-15','2020-11-22',null,'\x',null,'N','2021-11-22','Yearly'),(664,664,'Georgia','Crawford','Quisque.varius@odio.ca','1992-05-26','2020-11-22',null,'\x',null,'N','2021-11-22','Yearly'),(665,665,'Ralph','Ewing','ante.Nunc.mauris@lacusQuisque.edu','1995-07-25','2020-11-22',null,'\x',null,'Y','2021-11-22','Yearly'),(666,666,'Scarlet','Pittman','elementum.sem@metusurnaconvallis.ca','1996-01-13','2020-11-22',null,'\x',null,'N','2021-11-22','Yearly'),(667,667,'Mohammad','Manning','aliquet.diam@egestas.net','1992-02-07','2020-11-22',null,'\x',null,'N','2021-11-22','Yearly'),(668,668,'Lunea','Hubbard','ornare.egestas.ligula@ipsumDonec.org','1996-08-19','2020-11-22',null,'\x',null,'Y','2021-11-22','Yearly');
INSERT INTO member (MemberID,UserID,FirstName,LastName,Email,DateOfBirth,JoinedDate,LeftDate,Photo,Note,NewsLetterSubscription,MembershipExpiryDate,PaymentPlan) VALUES (669,669,'Gemma','Burns','convallis.dolor.Quisque@ornaresagittis.org','1995-09-06','2020-11-22',null,'\x',null,'Y','2021-11-22','Yearly'),(670,670,'Ria','Orr','et.ultrices@nunc.com','1995-01-18','2020-11-22',null,'\x',null,'Y','2021-11-22','Yearly'),(671,671,'Skyler','Dale','arcu.vel.quam@augueid.co.uk','1994-03-05','2020-11-22',null,'\x',null,'N','2021-11-22','Yearly'),(672,672,'Josiah','Mcbride','purus@necleo.com','1993-01-14','2020-11-22',null,'\x',null,'Y','2021-11-22','Yearly'),(673,673,'Katell','Park','et.magna@egestas.net','1993-06-18','2020-11-22',null,'\x',null,'Y','2021-11-22','Yearly'),(674,674,'Allen','Rosales','risus.Nunc@Maurisnulla.net','1997-12-25','2020-11-22',null,'\x',null,'N','2021-11-22','Yearly'),(675,675,'Cassandra','Rosa','Sed.nec.metus@vulputate.org','1993-07-01','2020-11-22',null,'\x',null,'N','2021-11-22','Yearly'),(676,676,'Nathan','Price','sem.elit@justoPraesent.com','1996-08-17','2020-11-22',null,'\x',null,'N','2021-11-22','Yearly'),(677,677,'Colorado','Chapman','tellus@orci.com','1997-09-10','2020-11-22',null,'\x',null,'Y','2021-11-22','Yearly'),(678,678,'Ferris','Travis','nec@diamPellentesque.ca','1997-01-27','2020-11-22',null,'\x',null,'N','2021-11-22','Yearly');
INSERT INTO member (MemberID,UserID,FirstName,LastName,Email,DateOfBirth,JoinedDate,LeftDate,Photo,Note,NewsLetterSubscription,MembershipExpiryDate,PaymentPlan) VALUES (679,679,'Shelly','Griffith','in.magna@Sedpharetra.org','1997-08-27','2020-11-22',null,'\x',null,'Y','2021-11-22','Yearly'),(680,680,'Rhonda','Bender','arcu.imperdiet@metus.co.uk','1992-12-31','2020-11-22',null,'\x',null,'N','2021-11-22','Yearly'),(681,681,'Jenette','Campbell','Donec.est@nonfeugiat.net','1996-08-03','2020-11-22',null,'\x',null,'Y','2021-11-22','Yearly'),(682,682,'Cassady','Wallace','sem@egetipsum.com','1997-02-02','2020-11-22',null,'\x',null,'Y','2021-11-22','Yearly'),(683,683,'Penelope','Mercer','augue.ac@ascelerisquesed.co.uk','1994-04-29','2020-11-22',null,'\x',null,'Y','2021-11-22','Yearly'),(684,684,'Benjamin','Dunlap','vitae@ridiculus.net','1994-07-02','2020-11-22',null,'\x',null,'N','2021-11-22','Yearly'),(685,685,'Clayton','Hancock','Donec@ac.ca','1994-03-13','2020-11-22',null,'\x',null,'N','2021-11-22','Yearly'),(686,686,'Ina','Galloway','mauris.ut.mi@eu.net','1993-10-15','2020-11-22',null,'\x',null,'N','2021-11-22','Yearly'),(687,687,'Frances','Abbott','amet.risus.Donec@acnullaIn.co.uk','1994-08-30','2020-11-22',null,'\x',null,'N','2021-11-22','Yearly'),(688,688,'Chester','Richards','interdum@auctor.ca','1997-06-03','2020-11-22',null,'\x',null,'N','2021-11-22','Yearly');
INSERT INTO member (MemberID,UserID,FirstName,LastName,Email,DateOfBirth,JoinedDate,LeftDate,Photo,Note,NewsLetterSubscription,MembershipExpiryDate,PaymentPlan) VALUES (689,689,'Marsden','Charles','velit.Pellentesque@tincidunt.co.uk','1992-02-23','2020-11-22',null,'\x',null,'Y','2021-11-22','Yearly'),(690,690,'Alisa','Hobbs','lectus@etliberoProin.ca','1996-01-22','2020-11-22',null,'\x',null,'N','2021-11-22','Yearly'),(691,691,'Xantha','Baxter','risus.at.fringilla@elit.org','1995-04-01','2020-11-22',null,'\x',null,'Y','2021-11-22','Yearly'),(692,692,'Ifeoma','Sanford','pretium.aliquet@egetodio.net','1992-04-07','2020-11-22',null,'\x',null,'Y','2021-11-22','Yearly'),(693,693,'Knox','Ayala','fringilla.purus@vehiculaetrutrum.org','1992-12-20','2020-11-22',null,'\x',null,'Y','2021-11-22','Yearly'),(694,694,'Deirdre','Buchanan','Morbi@sit.co.uk','1996-05-23','2020-11-22',null,'\x',null,'N','2021-11-22','Yearly'),(695,695,'Bruno','Rivas','Cras@liberoProinmi.com','1995-01-18','2020-11-22',null,'\x',null,'N','2021-11-22','Yearly'),(696,696,'Allistair','Ward','Aliquam.vulputate.ullamcorper@quamafelis.ca','1996-05-21','2020-11-22',null,'\x',null,'N','2021-11-22','Yearly'),(697,697,'Calvin','Mcbride','luctus.sit@ridiculus.ca','1993-09-18','2020-11-22',null,'\x',null,'Y','2021-11-22','Yearly'),(698,698,'Casey','Randolph','Proin.velit@egestas.org','1993-06-06','2020-11-22',null,'\x',null,'N','2021-11-22','Yearly');
INSERT INTO member (MemberID,UserID,FirstName,LastName,Email,DateOfBirth,JoinedDate,LeftDate,Photo,Note,NewsLetterSubscription,MembershipExpiryDate,PaymentPlan) VALUES (699,699,'Hayden','Goodwin','nisl.arcu.iaculis@enimMaurisquis.org','1995-04-15','2020-11-22',null,'\x',null,'N','2021-11-22','Yearly'),(700,700,'Kyle','Dyer','Donec@ac.ca','1992-01-30','2020-11-22',null,'\x',null,'Y','2021-11-22','Yearly'),(701,701,'Arthur','Mcdowell','ipsum@bibendum.net','1992-07-08','2020-11-22',null,'\x',null,'Y','2021-11-22','Yearly'),(702,702,'Joshua','Santana','a.tortor@hendrerit.co.uk','1997-02-27','2020-11-22',null,'\x',null,'N','2021-11-22','Yearly'),(703,703,'Gareth','Burton','tellus.justo@metusVivamus.org','1995-06-21','2020-11-22',null,'\x',null,'N','2021-11-22','Yearly'),(704,704,'Ryan','Harris','Nunc.sed.orci@malesuadaIntegerid.com','1997-06-28','2020-11-22',null,'\x',null,'N','2021-11-22','Yearly'),(705,705,'Taylor','Holman','nisi.Cum@Maecenas.net','1995-05-29','2020-11-22',null,'\x',null,'Y','2021-11-22','Yearly'),(706,706,'Liberty','Matthews','Morbi.vehicula.Pellentesque@egestasblanditNam.edu','1995-05-16','2020-11-22',null,'\x',null,'N','2021-11-22','Yearly'),(707,707,'Ezekiel','Bennett','Cras.convallis@semper.net','1997-03-12','2020-11-22',null,'\x',null,'Y','2021-11-22','Yearly'),(708,708,'Alexandra','Morris','Curabitur.vel.lectus@consequatnecmollis.com','1994-01-04','2020-11-22',null,'\x',null,'Y','2021-11-22','Yearly');
INSERT INTO member (MemberID,UserID,FirstName,LastName,Email,DateOfBirth,JoinedDate,LeftDate,Photo,Note,NewsLetterSubscription,MembershipExpiryDate,PaymentPlan) VALUES (709,709,'Shad','Whitley','et@nec.com','1993-07-28','2020-11-26',null,'\x',null,'N','2021-11-26','Yearly'),(710,710,'Leandra','Hays','gravida.sit.amet@Nunc.edu','1992-03-26','2020-11-26',null,'\x',null,'Y','2021-11-26','Yearly'),(711,711,'Phyllis','Whitaker','ac@Nulla.ca','1996-11-29','2020-11-26',null,'\x',null,'Y','2021-11-26','Yearly'),(712,712,'Imelda','Waller','convallis.erat@erat.net','1994-08-15','2020-11-26',null,'\x',null,'N','2021-11-26','Yearly'),(713,713,'Norman','Grant','id.erat.Etiam@leo.com','1993-10-27','2020-11-26',null,'\x',null,'Y','2021-11-26','Yearly'),(714,714,'Aileen','Hewitt','accumsan@lacus.ca','1996-11-20','2020-11-26',null,'\x',null,'N','2021-11-26','Yearly'),(715,715,'Macey','Berger','diam@nuncsit.ca','1996-06-29','2020-11-26',null,'\x',null,'N','2021-11-26','Yearly'),(716,716,'Rhonda','Rhodes','penatibus@ipsumSuspendissesagittis.org','1993-07-26','2020-11-26',null,'\x',null,'Y','2021-11-26','Yearly'),(717,717,'Blake','Bradley','ipsum.dolor.sit@massaMauris.net','1993-06-12','2020-11-26',null,'\x',null,'N','2021-11-26','Yearly'),(718,718,'Magee','Nicholson','suscipit.nonummy.Fusce@eunulla.com','1997-03-21','2020-11-26',null,'\x',null,'Y','2021-11-26','Yearly');
INSERT INTO member (MemberID,UserID,FirstName,LastName,Email,DateOfBirth,JoinedDate,LeftDate,Photo,Note,NewsLetterSubscription,MembershipExpiryDate,PaymentPlan) VALUES (719,719,'Anthony','Buck','dictum.eu.placerat@lectusNullamsuscipit.net','1997-06-03','2020-11-26',null,'\x',null,'N','2021-11-26','Yearly'),(720,720,'Addison','Faulkner','lacus@maurisidsapien.net','1994-01-16','2020-11-26',null,'\x',null,'Y','2021-11-26','Yearly'),(721,721,'Constance','Melton','Curae@famesacturpis.net','1993-11-17','2020-11-26',null,'\x',null,'N','2021-11-26','Yearly'),(722,722,'Brody','Pollard','nonummy@bibendumullamcorperDuis.co.uk','1997-05-03','2020-11-26',null,'\x',null,'N','2021-11-26','Yearly'),(723,723,'Eleanor','Dennis','dui.semper@NullaaliquetProin.net','1996-05-09','2020-11-26',null,'\x',null,'Y','2021-11-26','Yearly'),(724,724,'Beau','Morgan','Sed@ac.net','1992-04-20','2020-11-26',null,'\x',null,'N','2021-11-26','Yearly'),(725,725,'Forrest','Pruitt','ac.turpis@Craspellentesque.co.uk','1996-06-19','2020-11-26',null,'\x',null,'Y','2021-11-26','Yearly'),(726,726,'Alice','Reyes','risus@nibhQuisque.co.uk','1992-11-27','2020-11-26',null,'\x',null,'Y','2021-11-26','Yearly'),(727,727,'Tasha','Hopper','vitae.risus@utquamvel.org','1996-02-05','2020-11-26',null,'\x',null,'N','2021-11-26','Yearly'),(728,728,'Moses','Sanford','magna.et.ipsum@antedictumcursus.org','1996-05-12','2020-11-26',null,'\x',null,'Y','2021-11-26','Yearly');
INSERT INTO member (MemberID,UserID,FirstName,LastName,Email,DateOfBirth,JoinedDate,LeftDate,Photo,Note,NewsLetterSubscription,MembershipExpiryDate,PaymentPlan) VALUES (729,729,'Hanae','Garrison','sodales.Mauris@ametnullaDonec.co.uk','1996-05-09','2020-11-26',null,'\x',null,'N','2021-11-26','Yearly'),(730,730,'Yolanda','Maldonado','Donec.egestas.Duis@adui.co.uk','1993-09-11','2020-11-26',null,'\x',null,'Y','2021-11-26','Yearly'),(731,731,'Quyn','Wilder','Nunc@quam.org','1995-11-03','2020-11-26',null,'\x',null,'Y','2021-11-26','Yearly'),(732,732,'Jada','Anthony','feugiat.metus@dignissimlacus.org','1995-04-18','2020-11-26',null,'\x',null,'Y','2021-11-26','Yearly'),(733,733,'Denton','Cline','volutpat.Nulla@feugiatnec.com','1993-07-01','2020-11-26',null,'\x',null,'Y','2021-11-26','Yearly'),(734,734,'Fletcher','Welch','vestibulum.neque@eratvitaerisus.org','1997-01-01','2020-11-26',null,'\x',null,'Y','2021-11-26','Yearly'),(735,735,'Henry','Yates','morbi.tristique.senectus@Maecenasmi.org','1992-05-12','2020-11-26',null,'\x',null,'Y','2021-11-26','Yearly'),(736,736,'Heidi','Montgomery','ac.eleifend.vitae@cursus.edu','1995-04-07','2020-11-26',null,'\x',null,'N','2021-11-26','Yearly'),(737,737,'Robin','Lott','Integer.urna@ProindolorNulla.net','1993-02-12','2020-11-26',null,'\x',null,'Y','2021-11-26','Yearly'),(738,738,'Axel','Lang','fermentum.metus@necimperdiet.org','1995-05-24','2020-11-26',null,'\x',null,'N','2021-11-26','Yearly');
INSERT INTO member (MemberID,UserID,FirstName,LastName,Email,DateOfBirth,JoinedDate,LeftDate,Photo,Note,NewsLetterSubscription,MembershipExpiryDate,PaymentPlan) VALUES (739,739,'Cora','Rodgers','taciti@Aliquam.co.uk','1993-07-19','2020-11-26',null,'\x',null,'N','2021-11-26','Yearly'),(740,740,'Grady','Ratliff','sem.semper.erat@tellusfaucibus.org','1994-12-14','2020-11-26',null,'\x',null,'N','2021-11-26','Yearly'),(741,741,'Eden','Pollard','orci@arcuVivamussit.org','1992-01-03','2020-11-26',null,'\x',null,'Y','2021-11-26','Yearly'),(742,742,'Justin','Dickson','purus.Nullam.scelerisque@egestasrhoncus.edu','1997-07-29','2020-11-26',null,'\x',null,'N','2021-11-26','Yearly'),(743,743,'Patricia','Alexander','mauris@Lorem.ca','1996-05-01','2020-11-26',null,'\x',null,'N','2021-11-26','Yearly'),(744,744,'Yoshio','Mathis','massa@Crassedleo.org','1994-12-08','2020-11-26',null,'\x',null,'N','2021-11-26','Yearly'),(745,745,'Jaden','Maddox','a.enim@loremipsumsodales.com','1994-04-17','2020-11-26',null,'\x',null,'N','2021-11-26','Yearly'),(746,746,'Ali','Rios','elit@pharetranibh.ca','1992-02-21','2020-11-26',null,'\x',null,'Y','2021-11-26','Yearly'),(747,747,'Talon','Witt','sit.amet.consectetuer@risusodioauctor.co.uk','1993-11-09','2020-11-26',null,'\x',null,'N','2021-11-26','Yearly'),(748,748,'Paloma','Whitley','sapien.Aenean@Pellentesqueultricies.com','1995-10-22','2020-11-26',null,'\x',null,'N','2021-11-26','Yearly');
INSERT INTO member (MemberID,UserID,FirstName,LastName,Email,DateOfBirth,JoinedDate,LeftDate,Photo,Note,NewsLetterSubscription,MembershipExpiryDate,PaymentPlan) VALUES (749,749,'Sacha','Fox','in.lobortis@odio.net','1995-06-12','2020-11-26',null,'\x',null,'N','2021-11-26','Yearly'),(750,750,'Lester','Greer','diam@rhoncus.co.uk','1993-01-21','2020-11-26',null,'\x',null,'N','2021-11-26','Yearly'),(751,751,'Charity','Velazquez','ac@anteblanditviverra.edu','1993-05-21','2020-11-26',null,'\x',null,'Y','2021-11-26','Yearly'),(752,752,'Judah','Holland','eu.nulla@lacinia.net','1992-05-06','2020-11-26',null,'\x',null,'Y','2021-11-26','Yearly'),(753,753,'Grady','Thompson','scelerisque.sed@Namtempor.co.uk','1997-07-16','2020-11-26',null,'\x',null,'N','2021-11-26','Yearly'),(754,754,'Calista','Carpenter','Aliquam@Aliquameratvolutpat.net','1994-09-25','2020-11-26',null,'\x',null,'Y','2021-11-26','Yearly'),(755,755,'Moana','Wheeler','mollis.vitae@magnisdisparturient.com','1996-12-14','2020-11-26',null,'\x',null,'N','2021-11-26','Yearly'),(756,756,'Ann','Adkins','euismod.in@tinciduntpede.net','1996-12-21','2020-11-26',null,'\x',null,'Y','2021-11-26','Yearly'),(757,757,'Reed','Park','Aliquam@enim.edu','1993-10-12','2020-11-26',null,'\x',null,'Y','2021-11-26','Yearly'),(758,758,'Catherine','Dickerson','enim@duisemperet.org','1992-12-26','2020-11-26',null,'\x',null,'N','2021-11-26','Yearly');
INSERT INTO member (MemberID,UserID,FirstName,LastName,Email,DateOfBirth,JoinedDate,LeftDate,Photo,Note,NewsLetterSubscription,MembershipExpiryDate,PaymentPlan) VALUES (759,759,'Wing','Clarke','sit@ultricesDuisvolutpat.net','1993-09-23','2020-11-26',null,'\x',null,'N','2021-11-26','Yearly'),(760,760,'Fuller','Baxter','risus@et.com','1995-12-12','2020-11-26',null,'\x',null,'Y','2021-11-26','Yearly'),(761,761,'Emmanuel','Salas','Vivamus.sit@infaucibusorci.co.uk','1995-01-23','2020-11-26',null,'\x',null,'N','2021-11-26','Yearly'),(762,762,'Chava','Perry','enim.diam.vel@primisinfaucibus.org','1992-02-20','2020-11-26',null,'\x',null,'N','2021-11-26','Yearly'),(763,763,'Rahim','Garza','iaculis@neque.org','1994-12-13','2020-11-26',null,'\x',null,'N','2021-11-26','Yearly'),(764,764,'Lillian','Massey','lorem.lorem@magnatellusfaucibus.co.uk','1994-04-20','2020-11-26',null,'\x',null,'N','2021-11-26','Yearly'),(765,765,'Hall','Blair','Nunc@vellectus.co.uk','1993-01-23','2020-11-26',null,'\x',null,'N','2021-11-26','Yearly'),(766,766,'Colorado','Carver','vitae.odio@Sedeget.net','1994-02-15','2020-11-26',null,'\x',null,'N','2021-11-26','Yearly'),(767,767,'Jamalia','Small','pede.Praesent.eu@massarutrum.com','1996-11-08','2020-11-26',null,'\x',null,'N','2021-11-26','Yearly'),(768,768,'Kaitlin','Weiss','erat.volutpat.Nulla@sem.net','1995-01-13','2020-11-26',null,'\x',null,'N','2021-11-26','Yearly');
INSERT INTO member (MemberID,UserID,FirstName,LastName,Email,DateOfBirth,JoinedDate,LeftDate,Photo,Note,NewsLetterSubscription,MembershipExpiryDate,PaymentPlan) VALUES (769,769,'Jonah','Michael','quam.elementum.at@tortorInteger.com','1994-11-22','2020-11-26',null,'\x',null,'N','2021-11-26','Yearly'),(770,770,'Martena','Sutton','pharetra.felis.eget@idante.ca','1997-02-03','2020-11-26',null,'\x',null,'N','2021-11-26','Yearly'),(771,771,'Hamilton','Chan','vulputate.mauris.sagittis@Aeneanegetmetus.com','1995-06-18','2020-11-26',null,'\x',null,'Y','2021-11-26','Yearly'),(772,772,'Lucius','Pitts','interdum.enim@vitaeeratvel.ca','1994-11-03','2020-11-26',null,'\x',null,'N','2021-11-26','Yearly'),(773,773,'Lillian','Spence','mauris@dictum.co.uk','1997-09-28','2020-11-26',null,'\x',null,'Y','2021-11-26','Yearly'),(774,774,'Abra','Burton','mollis.Phasellus@interdumlibero.net','1993-08-17','2020-11-26',null,'\x',null,'Y','2021-11-26','Yearly'),(775,775,'Kellie','Gregory','fringilla.porttitor.vulputate@Duis.edu','1997-12-28','2020-11-26',null,'\x',null,'Y','2021-11-26','Yearly'),(776,776,'Uriah','Lott','per.conubia@orciDonecnibh.org','1992-11-04','2020-11-26',null,'\x',null,'N','2021-11-26','Yearly'),(777,777,'Bo','Woodard','lacus.Etiam.bibendum@eratvolutpat.com','1995-05-01','2020-11-26',null,'\x',null,'Y','2021-11-26','Yearly'),(778,778,'Elvis','Cote','dolor.tempus@nonsollicitudin.net','1997-07-16','2020-11-26',null,'\x',null,'Y','2021-11-26','Yearly');
INSERT INTO member (MemberID,UserID,FirstName,LastName,Email,DateOfBirth,JoinedDate,LeftDate,Photo,Note,NewsLetterSubscription,MembershipExpiryDate,PaymentPlan) VALUES (779,779,'Gage','Leblanc','venenatis.lacus@suscipitnonummyFusce.co.uk','1996-01-03','2020-11-26',null,'\x',null,'N','2021-11-26','Yearly'),(780,780,'Kenneth','Wilder','sit.amet@Nullamsuscipitest.co.uk','1996-05-13','2020-11-26',null,'\x',null,'N','2021-11-26','Yearly'),(781,781,'Kyra','Bowman','luctus.aliquet@commodo.co.uk','1996-08-30','2020-11-26',null,'\x',null,'N','2021-11-26','Yearly'),(782,782,'Iris','Maddox','luctus@hendrerita.com','1995-01-24','2020-11-26',null,'\x',null,'Y','2021-11-26','Yearly'),(783,783,'Aimee','Dalton','netus.et@nuncsitamet.com','1994-08-11','2020-11-26',null,'\x',null,'Y','2021-11-26','Yearly'),(784,784,'Benjamin','Workman','sed.sapien.Nunc@parturientmontes.com','1996-02-12','2020-11-26',null,'\x',null,'Y','2021-11-26','Yearly'),(785,785,'Burke','Carrillo','Mauris.molestie.pharetra@quam.com','1992-05-15','2020-11-26',null,'\x',null,'N','2021-11-26','Yearly'),(786,786,'Oscar','Chase','dapibus.gravida.Aliquam@Cras.com','1992-12-28','2020-11-26',null,'\x',null,'N','2021-11-26','Yearly'),(787,787,'Yoko','Reid','Integer.vitae.nibh@ascelerisque.co.uk','1992-06-05','2020-11-26',null,'\x',null,'Y','2021-11-26','Yearly'),(788,788,'Nomlanga','Cooke','est.ac@liberoatauctor.com','1996-04-22','2020-11-26',null,'\x',null,'N','2021-11-26','Yearly');
INSERT INTO member (MemberID,UserID,FirstName,LastName,Email,DateOfBirth,JoinedDate,LeftDate,Photo,Note,NewsLetterSubscription,MembershipExpiryDate,PaymentPlan) VALUES (789,789,'Chancellor','Abbott','Nam.ac@dictumProineget.ca','1997-01-28','2020-11-26',null,'\x',null,'Y','2021-11-26','Yearly'),(790,790,'Dolan','Grimes','bibendum.fermentum.metus@elitsed.co.uk','1997-03-02','2020-11-26',null,'\x',null,'N','2021-11-26','Yearly'),(791,791,'Kennan','Drake','Sed.congue.elit@nec.net','1994-03-04','2020-11-26',null,'\x',null,'N','2021-11-26','Yearly'),(792,792,'Kermit','Langley','tempor@dolorquam.ca','1996-09-27','2020-11-26',null,'\x',null,'Y','2021-11-26','Yearly'),(793,793,'Randall','Vincent','vehicula.et@nibh.net','1995-08-02','2020-11-26',null,'\x',null,'N','2021-11-26','Yearly'),(794,794,'Hollee','Knowles','Lorem.ipsum.dolor@Lorem.net','1997-07-12','2020-11-26',null,'\x',null,'N','2021-11-26','Yearly'),(795,795,'Benedict','Spears','natoque.penatibus@nonjusto.net','1997-02-09','2020-11-26',null,'\x',null,'Y','2021-11-26','Yearly'),(796,796,'Kylynn','Hood','mollis.nec.cursus@a.co.uk','1997-06-19','2020-11-26',null,'\x',null,'Y','2021-11-26','Yearly'),(797,797,'Sawyer','Gallagher','a.nunc.In@tristiquepellentesquetellus.co.uk','1994-09-02','2020-11-26',null,'\x',null,'N','2021-11-26','Yearly'),(798,798,'Karen','Gallegos','eget@nonquamPellentesque.net','1997-12-19','2020-11-26',null,'\x',null,'N','2021-11-26','Yearly');
INSERT INTO member (MemberID,UserID,FirstName,LastName,Email,DateOfBirth,JoinedDate,LeftDate,Photo,Note,NewsLetterSubscription,MembershipExpiryDate,PaymentPlan) VALUES (799,799,'Kimberley','Sutton','at.sem.molestie@Curabitur.net','1993-05-03','2020-11-26',null,'\x',null,'Y','2021-11-26','Yearly'),(800,800,'Althea','Reed','orci.lobortis.augue@infelisNulla.net','1993-10-26','2020-11-26',null,'\x',null,'Y','2021-11-26','Yearly'),(801,801,'Lois','Norton','pharetra@rutrum.com','1997-09-03','2020-11-26',null,'\x',null,'Y','2021-11-26','Yearly'),(802,802,'Ronan','Flores','leo.Morbi.neque@Integer.com','1996-01-27','2020-11-26',null,'\x',null,'Y','2021-11-26','Yearly'),(803,803,'Quon','Sims','quis@enim.ca','1992-02-11','2020-11-26',null,'\x',null,'N','2021-11-26','Yearly'),(804,804,'Shea','Buchanan','sociis@In.co.uk','1994-08-04','2020-11-26',null,'\x',null,'N','2021-11-26','Yearly'),(805,805,'Nigel','Holcomb','lobortis.risus.In@tellusimperdiet.com','1996-10-02','2020-11-26',null,'\x',null,'Y','2021-11-26','Yearly'),(806,806,'Mona','Bailey','vitae.semper.egestas@placerataugueSed.ca','1997-06-13','2020-11-26',null,'\x',null,'Y','2021-11-26','Yearly'),(807,807,'Emily','Mcclure','Morbi.non.sapien@etipsumcursus.edu','1992-11-02','2020-11-26',null,'\x',null,'N','2021-11-26','Yearly'),(808,808,'Stephanie','Fitzpatrick','et@hendrerita.net','1992-01-09','2020-11-26',null,'\x',null,'N','2021-11-26','Yearly');
/*monthly*/
INSERT INTO member (MemberID,UserID,FirstName,LastName,Email,DateOfBirth,JoinedDate,LeftDate,Photo,Note,NewsLetterSubscription,MembershipExpiryDate,PaymentPlan) VALUES (809,809,'Roary','Beach','eleifend@natoquepenatibus.ca','1995-02-08','2020-11-30',null,'\x',null,'Y','2020-12-30','Monthly'),(810,810,'Dean','Cross','Morbi@lorem.ca','1992-09-28','2020-11-30',null,'\x',null,'Y','2020-12-30','Monthly'),(811,811,'Jeanette','Collier','commodo.tincidunt@semsemper.net','1995-09-13','2020-11-30',null,'\x',null,'N','2020-12-30','Monthly'),(812,812,'Hall','Preston','ridiculus.mus.Aenean@euenim.ca','1993-11-12','2020-11-30',null,'\x',null,'N','2020-12-30','Monthly'),(813,813,'Alan','Barber','tincidunt.vehicula@tincidunt.org','1995-10-30','2020-11-30',null,'\x',null,'Y','2020-12-30','Monthly'),(814,814,'Dorothy','Arnold','lobortis@ultricesmauris.net','1997-04-24','2020-11-30',null,'\x',null,'N','2020-12-30','Monthly'),(815,815,'Arden','Hyde','amet.dapibus.id@eros.net','1992-01-25','2020-11-30',null,'\x',null,'Y','2020-12-30','Monthly'),(816,816,'Knox','Rush','adipiscing.ligula.Aenean@sedfacilisisvitae.ca','1992-01-21','2020-11-30',null,'\x',null,'N','2020-12-30','Monthly'),(817,817,'Lionel','Mcmahon','suscipit@ut.edu','1996-11-27','2020-11-30',null,'\x',null,'N','2020-12-30','Monthly'),(818,818,'Devin','Meyers','congue.elit.sed@dolor.co.uk','1997-12-19','2020-11-30',null,'\x',null,'Y','2020-12-30','Monthly');
INSERT INTO member (MemberID,UserID,FirstName,LastName,Email,DateOfBirth,JoinedDate,LeftDate,Photo,Note,NewsLetterSubscription,MembershipExpiryDate,PaymentPlan) VALUES (819,819,'Ethan','Farley','non@Aliquamerat.ca','1993-08-21','2020-11-30',null,'\x',null,'N','2020-12-30','Monthly'),(820,820,'Ava','Morales','Duis.ac@Nullatempor.org','1994-11-14','2020-11-30',null,'\x',null,'N','2020-12-30','Monthly'),(821,821,'Martina','Benton','amet@auctorullamcorpernisl.ca','1995-07-01','2020-11-30',null,'\x',null,'Y','2020-12-30','Monthly'),(822,822,'Otto','Tucker','magnis@ipsumsodalespurus.com','1993-12-10','2020-11-30',null,'\x',null,'N','2020-12-30','Monthly'),(823,823,'Drake','Jackson','Curabitur.sed.tortor@necquam.net','1992-05-19','2020-11-30',null,'\x',null,'N','2020-12-30','Monthly'),(824,824,'Buffy','Harding','vestibulum.neque@lobortis.com','1996-05-06','2020-11-30',null,'\x',null,'N','2020-12-30','Monthly'),(825,825,'Sybil','Hobbs','erat.semper.rutrum@magnisdisparturient.edu','1997-10-30','2020-11-30',null,'\x',null,'Y','2020-12-30','Monthly'),(826,826,'Keelie','Mccoy','ultrices.a.auctor@nectempusscelerisque.com','1997-09-24','2020-11-30',null,'\x',null,'Y','2020-12-30','Monthly'),(827,827,'Shannon','Harrell','mattis.Integer@nuncsit.net','1995-03-19','2020-11-30',null,'\x',null,'N','2020-12-30','Monthly'),(828,828,'Renee','Turner','blandit.Nam@ullamcorpereueuismod.ca','1994-08-23','2020-11-30',null,'\x',null,'N','2020-12-30','Monthly');
INSERT INTO member (MemberID,UserID,FirstName,LastName,Email,DateOfBirth,JoinedDate,LeftDate,Photo,Note,NewsLetterSubscription,MembershipExpiryDate,PaymentPlan) VALUES (829,829,'Belle','Donaldson','neque.venenatis@risus.ca','1996-12-17','2020-11-30',null,'\x',null,'N','2020-12-30','Monthly'),(830,830,'Noble','Richard','Mauris.vel@felisDonec.org','1994-01-04','2020-11-30',null,'\x',null,'N','2020-12-30','Monthly'),(831,831,'Ray','Hurley','erat.eget@cursusNuncmauris.co.uk','1995-02-03','2020-11-30',null,'\x',null,'N','2020-12-30','Monthly'),(832,832,'Ferdinand','Ballard','Nam@nuncsedlibero.ca','1995-06-09','2020-11-30',null,'\x',null,'N','2020-12-30','Monthly'),(833,833,'Walter','Hoffman','egestas.hendrerit@eratsemperrutrum.ca','1995-12-20','2020-11-30',null,'\x',null,'Y','2020-12-30','Monthly'),(834,834,'Galena','Fischer','nibh@ipsumSuspendisse.org','1993-05-03','2020-11-30',null,'\x',null,'N','2020-12-30','Monthly'),(835,835,'Sybil','Hudson','ut.pellentesque@Nunc.org','1996-03-24','2020-11-30',null,'\x',null,'Y','2020-12-30','Monthly'),(836,836,'Uta','Rich','Sed.nunc.est@miac.edu','1996-02-22','2020-11-30',null,'\x',null,'Y','2020-12-30','Monthly'),(837,837,'Kaye','Calhoun','Vivamus@urnaNuncquis.net','1997-02-16','2020-11-30',null,'\x',null,'N','2020-12-30','Monthly'),(838,838,'Elizabeth','Frederick','Quisque@aliquetlobortisnisi.edu','1992-09-01','2020-11-30',null,'\x',null,'Y','2020-12-30','Monthly');
INSERT INTO member (MemberID,UserID,FirstName,LastName,Email,DateOfBirth,JoinedDate,LeftDate,Photo,Note,NewsLetterSubscription,MembershipExpiryDate,PaymentPlan) VALUES (839,839,'Elmo','Hull','sodales.elit.erat@Donecdignissimmagna.com','1996-07-06','2020-11-30',null,'\x',null,'N','2020-12-30','Monthly'),(840,840,'Rhea','Harmon','lacus.varius@justoProinnon.co.uk','1994-01-29','2020-11-30',null,'\x',null,'N','2020-12-30','Monthly'),(841,841,'Nelle','Oneill','non.vestibulum@erat.co.uk','1993-11-14','2020-11-30',null,'\x',null,'Y','2020-12-30','Monthly'),(842,842,'Norman','Juarez','vitae.aliquam@quismassa.co.uk','1992-09-18','2020-11-30',null,'\x',null,'Y','2020-12-30','Monthly'),(843,843,'Zia','Austin','lorem.eu@necluctus.com','1994-01-18','2020-11-30',null,'\x',null,'N','2020-12-30','Monthly'),(844,844,'Fleur','Schneider','magna.malesuada.vel@scelerisquescelerisque.com','1992-03-14','2020-11-30',null,'\x',null,'Y','2020-12-30','Monthly'),(845,845,'Jaime','Holmes','facilisis@ac.com','1995-02-15','2020-11-30',null,'\x',null,'Y','2020-12-30','Monthly'),(846,846,'Lance','Faulkner','velit.Aliquam@infaucibus.co.uk','1995-03-29','2020-11-30',null,'\x',null,'Y','2020-12-30','Monthly'),(847,847,'Brielle','Castillo','urna@tellus.org','1993-11-21','2020-11-30',null,'\x',null,'Y','2020-12-30','Monthly'),(848,848,'Colton','Aguilar','Sed.auctor.odio@metusAenean.edu','1995-09-11','2020-11-30',null,'\x',null,'N','2020-12-30','Monthly');
INSERT INTO member (MemberID,UserID,FirstName,LastName,Email,DateOfBirth,JoinedDate,LeftDate,Photo,Note,NewsLetterSubscription,MembershipExpiryDate,PaymentPlan) VALUES (849,849,'Elijah','Foley','luctus.vulputate.nisi@tortor.ca','1997-09-30','2020-11-30',null,'\x',null,'Y','2020-12-30','Monthly'),(850,850,'Ivy','Bass','egestas.Sed.pharetra@Sedeunibh.org','1993-09-05','2020-11-30',null,'\x',null,'N','2020-12-30','Monthly'),(851,851,'Mannix','Tucker','sodales.elit@Sedeget.co.uk','1992-03-02','2020-11-30',null,'\x',null,'Y','2020-12-30','Monthly'),(852,852,'Noelle','Russo','pulvinar.arcu@mieleifend.edu','1997-12-28','2020-11-30',null,'\x',null,'Y','2020-12-30','Monthly'),(853,853,'Mannix','Frederick','vehicula.Pellentesque.tincidunt@dictumsapienAenean.edu','1997-02-04','2020-11-30',null,'\x',null,'Y','2020-12-30','Monthly'),(854,854,'Helen','Mckay','consectetuer.rhoncus.Nullam@ipsum.ca','1996-09-05','2020-11-30',null,'\x',null,'N','2020-12-30','Monthly'),(855,855,'Henry','Talley','eget.lacus@Suspendisse.net','1992-04-23','2020-11-30',null,'\x',null,'Y','2020-12-30','Monthly'),(856,856,'Kimberly','Wynn','quis@lectus.ca','1993-08-24','2020-11-30',null,'\x',null,'Y','2020-12-30','Monthly'),(857,857,'Mona','Deleon','magna@malesuada.org','1997-11-20','2020-11-30',null,'\x',null,'Y','2020-12-30','Monthly'),(858,858,'Laurel','Booker','lectus@nonummyut.com','1995-07-03','2020-11-30',null,'\x',null,'Y','2020-12-30','Monthly');
INSERT INTO member (MemberID,UserID,FirstName,LastName,Email,DateOfBirth,JoinedDate,LeftDate,Photo,Note,NewsLetterSubscription,MembershipExpiryDate,PaymentPlan) VALUES (859,859,'Kylan','Finley','non@blanditviverraDonec.ca','1993-05-23','2020-11-30',null,'\x',null,'N','2020-12-30','Monthly'),(860,860,'Scarlet','Bray','tellus@neque.com','1992-11-06','2020-11-30',null,'\x',null,'Y','2020-12-30','Monthly'),(861,861,'Miranda','Perkins','neque.sed@semeget.ca','1996-02-10','2020-11-30',null,'\x',null,'Y','2020-12-30','Monthly'),(862,862,'Channing','Curtis','non.leo.Vivamus@nullaIn.co.uk','1992-04-04','2020-11-30',null,'\x',null,'Y','2020-12-30','Monthly'),(863,863,'Shelley','Williamson','lacus.vestibulum@luctuslobortisClass.com','1995-06-12','2020-11-30',null,'\x',null,'N','2020-12-30','Monthly'),(864,864,'Irma','Prince','id.mollis.nec@posuere.net','1995-01-15','2020-11-30',null,'\x',null,'N','2020-12-30','Monthly'),(865,865,'Valentine','Levine','nibh.Aliquam.ornare@faucibusMorbivehicula.net','1995-11-30','2020-11-30',null,'\x',null,'Y','2020-12-30','Monthly'),(866,866,'Nerea','Morris','ultricies.adipiscing.enim@duinecurna.net','1995-08-23','2020-11-30',null,'\x',null,'N','2020-12-30','Monthly'),(867,867,'Castor','Ashley','ante.dictum.cursus@lacinia.ca','1996-01-04','2020-11-30',null,'\x',null,'N','2020-12-30','Monthly'),(868,868,'Gabriel','Stout','id@mus.com','1992-03-19','2020-11-30',null,'\x',null,'Y','2020-12-30','Monthly');
INSERT INTO member (MemberID,UserID,FirstName,LastName,Email,DateOfBirth,JoinedDate,LeftDate,Photo,Note,NewsLetterSubscription,MembershipExpiryDate,PaymentPlan) VALUES (869,869,'Herman','Sellers','id.mollis@pede.net','1994-12-10','2020-11-30',null,'\x',null,'Y','2020-12-30','Monthly'),(870,870,'Dorothy','Mathews','faucibus.ut@facilisisfacilisismagna.net','1993-09-17','2020-11-30',null,'\x',null,'N','2020-12-30','Monthly'),(871,871,'Christian','Rice','Aenean@tempor.net','1993-10-01','2020-11-30',null,'\x',null,'N','2020-12-30','Monthly'),(872,872,'Samson','Ellis','eget.varius@atlibero.co.uk','1992-11-17','2020-11-30',null,'\x',null,'Y','2020-12-30','Monthly'),(873,873,'Kato','Alvarado','amet@urnaetarcu.co.uk','1996-09-19','2020-11-30',null,'\x',null,'Y','2020-12-30','Monthly'),(874,874,'Castor','Little','tincidunt.nunc@eu.com','1992-04-15','2020-11-30',null,'\x',null,'Y','2020-12-30','Monthly'),(875,875,'Jin','Callahan','at.auctor@eros.co.uk','1995-07-17','2020-11-30',null,'\x',null,'N','2020-12-30','Monthly'),(876,876,'Haviva','Reyes','augue.malesuada.malesuada@erosProinultrices.edu','1996-05-23','2020-11-30',null,'\x',null,'N','2020-12-30','Monthly'),(877,877,'Kerry','Walsh','commodo.at@adipiscingenim.co.uk','1995-10-09','2020-11-30',null,'\x',null,'N','2020-12-30','Monthly'),(878,878,'Cameron','Edwards','auctor.vitae@luctusipsumleo.org','1997-04-21','2020-11-30',null,'\x',null,'Y','2020-12-30','Monthly');
INSERT INTO member (MemberID,UserID,FirstName,LastName,Email,DateOfBirth,JoinedDate,LeftDate,Photo,Note,NewsLetterSubscription,MembershipExpiryDate,PaymentPlan) VALUES (879,879,'Arthur','Coleman','Integer@tellusAenean.com','1994-12-29','2020-11-30',null,'\x',null,'Y','2020-12-30','Monthly'),(880,880,'Jessamine','Rodriquez','malesuada@aaliquetvel.edu','1997-04-18','2020-11-30',null,'\x',null,'Y','2020-12-30','Monthly'),(881,881,'Cullen','Keller','adipiscing@tempusscelerisquelorem.org','1994-12-10','2020-11-30',null,'\x',null,'Y','2020-12-30','Monthly'),(882,882,'David','Callahan','metus.sit.amet@Sednuncest.org','1996-08-28','2020-11-30',null,'\x',null,'N','2020-12-30','Monthly'),(883,883,'Richard','Johns','lobortis@luctusvulputate.org','1996-11-23','2020-11-30',null,'\x',null,'Y','2020-12-30','Monthly'),(884,884,'Latifah','Orr','semper@id.org','1995-06-14','2020-11-30',null,'\x',null,'N','2020-12-30','Monthly'),(885,885,'Regan','Atkins','tempus.scelerisque.lorem@lacusvarius.co.uk','1995-03-09','2020-11-30',null,'\x',null,'N','2020-12-30','Monthly'),(886,886,'Kieran','Avery','leo@massaInteger.ca','1994-09-03','2020-11-30',null,'\x',null,'N','2020-12-30','Monthly'),(887,887,'Kuame','Cummings','in.consequat.enim@acurna.co.uk','1994-08-20','2020-11-30',null,'\x',null,'N','2020-12-30','Monthly'),(888,888,'Bernard','Mcgee','est@porttitor.com','1997-09-14','2020-11-30',null,'\x',null,'N','2020-12-30','Monthly');
INSERT INTO member (MemberID,UserID,FirstName,LastName,Email,DateOfBirth,JoinedDate,LeftDate,Photo,Note,NewsLetterSubscription,MembershipExpiryDate,PaymentPlan) VALUES (889,889,'Graiden','Colon','egestas@turpis.net','1996-12-23','2020-11-30',null,'\x',null,'N','2020-12-30','Monthly'),(890,890,'Baxter','Cruz','Sed.dictum@lacinia.com','1997-12-13','2020-11-30',null,'\x',null,'N','2020-12-30','Monthly'),(891,891,'Ishmael','Guy','litora.torquent.per@magnisdisparturient.org','1995-09-23','2020-11-30',null,'\x',null,'N','2020-12-30','Monthly'),(892,892,'Aretha','Jackson','sollicitudin@montesnascetur.com','1997-12-30','2020-11-30',null,'\x',null,'Y','2020-12-30','Monthly'),(893,893,'Finn','Boyle','ligula.Aliquam.erat@turpis.edu','1994-08-17','2020-11-30',null,'\x',null,'N','2020-12-30','Monthly'),(894,894,'Ava','Farrell','tincidunt.Donec@sociisnatoque.co.uk','1992-05-09','2020-11-30',null,'\x',null,'Y','2020-12-30','Monthly'),(895,895,'Nigel','Cross','amet@NuncmaurisMorbi.com','1997-05-13','2020-11-30',null,'\x',null,'N','2020-12-30','Monthly'),(896,896,'Roary','Wood','adipiscing.elit@magna.net','1992-08-05','2020-11-30',null,'\x',null,'N','2020-12-30','Monthly'),(897,897,'Reece','Hicks','felis.purus@vitaepurus.org','1996-11-17','2020-11-30',null,'\x',null,'N','2020-12-30','Monthly'),(898,898,'Sasha','Odonnell','eget.metus.In@Vestibulum.ca','1997-01-30','2020-11-30',null,'\x',null,'Y','2020-12-30','Monthly');
INSERT INTO member (MemberID,UserID,FirstName,LastName,Email,DateOfBirth,JoinedDate,LeftDate,Photo,Note,NewsLetterSubscription,MembershipExpiryDate,PaymentPlan) VALUES (899,899,'Cole','Mccormick','porttitor.interdum@tincidunt.org','1992-01-18','2020-11-30',null,'\x',null,'Y','2020-12-30','Monthly'),(900,900,'Carly','Kelly','sapien.Cras.dolor@elit.co.uk','1996-03-31','2020-11-30',null,'\x',null,'Y','2020-12-30','Monthly'),(901,901,'Travis','Goff','sed.pede@volutpatNulla.org','1996-02-09','2020-11-30',null,'\x',null,'Y','2020-12-30','Monthly'),(902,902,'Sean','Macias','nec.euismod@arcuiaculisenim.edu','1996-05-10','2020-11-30',null,'\x',null,'Y','2020-12-30','Monthly'),(903,903,'Neil','Pena','lobortis.augue@vulputateullamcorpermagna.edu','1997-04-22','2020-11-30',null,'\x',null,'Y','2020-12-30','Monthly'),(904,904,'Erin','Mccray','Nulla@acturpis.org','1997-08-14','2020-11-30',null,'\x',null,'N','2020-12-30','Monthly'),(905,905,'Brittany','Pittman','arcu.vel@malesuada.net','1997-06-18','2020-11-30',null,'\x',null,'N','2020-12-30','Monthly'),(906,906,'Garrett','Leon','ut@necenim.com','1995-01-10','2020-11-30',null,'\x',null,'Y','2020-12-30','Monthly'),(907,907,'Nyssa','Estrada','pede.ac.urna@eget.org','1996-02-14','2020-11-30',null,'\x',null,'N','2020-12-30','Monthly'),(908,908,'Benjamin','Wilson','vestibulum.massa.rutrum@neque.co.uk','1996-11-24','2020-11-30',null,'\x',null,'N','2020-12-30','Monthly');
INSERT INTO member (MemberID,UserID,FirstName,LastName,Email,DateOfBirth,JoinedDate,LeftDate,Photo,Note,NewsLetterSubscription,MembershipExpiryDate,PaymentPlan) VALUES (909,909,'Nita','Hendrix','vitae.velit.egestas@cursusluctusipsum.co.uk','1995-04-30','2020-11-30',null,'\x',null,'Y','2020-12-30','Monthly'),(910,910,'Cherokee','Aguilar','eu@nibh.net','1994-02-02','2020-11-30',null,'\x',null,'Y','2020-12-30','Monthly'),(911,911,'Josiah','Gallegos','arcu.Curabitur@vitaeerat.net','1993-02-21','2020-11-30',null,'\x',null,'Y','2020-12-30','Monthly'),(912,912,'Cara','Hamilton','egestas@vel.co.uk','1993-09-22','2020-11-30',null,'\x',null,'Y','2020-12-30','Monthly'),(913,913,'Madonna','Logan','in.tempus@estcongue.ca','1994-12-30','2020-11-30',null,'\x',null,'Y','2020-12-30','Monthly'),(914,914,'Garrison','Cash','In@tinciduntcongueturpis.org','1993-12-11','2020-11-30',null,'\x',null,'Y','2020-12-30','Monthly'),(915,915,'Tyrone','Rowland','porttitor@ligula.net','1996-08-09','2020-11-30',null,'\x',null,'N','2020-12-30','Monthly'),(916,916,'Audrey','Thornton','lacinia.at@elit.net','1994-03-17','2020-11-30',null,'\x',null,'Y','2020-12-30','Monthly'),(917,917,'Palmer','Morton','laoreet@blanditcongue.edu','1995-11-25','2020-11-30',null,'\x',null,'N','2020-12-30','Monthly'),(918,918,'Alika','Castaneda','Nunc@Quisquefringillaeuismod.co.uk','1992-03-01','2020-11-30',null,'\x',null,'Y','2020-12-30','Monthly');
INSERT INTO member (MemberID,UserID,FirstName,LastName,Email,DateOfBirth,JoinedDate,LeftDate,Photo,Note,NewsLetterSubscription,MembershipExpiryDate,PaymentPlan) VALUES (919,919,'Dante','Schwartz','vulputate@rutrum.com','1993-05-28','2020-11-30',null,'\x',null,'Y','2020-12-30','Monthly'),(920,920,'Buckminster','Kidd','Nulla.aliquet.Proin@imperdieterat.com','1994-05-02','2020-11-30',null,'\x',null,'N','2020-12-30','Monthly'),(921,921,'Rajah','Pena','vel@lobortis.edu','1996-11-26','2020-11-30',null,'\x',null,'N','2020-12-30','Monthly'),(922,922,'Oliver','Mullen','dui@liberoProinmi.edu','1993-06-20','2020-11-30',null,'\x',null,'N','2020-12-30','Monthly'),(923,923,'Tarik','Lamb','risus.odio@antedictum.co.uk','1997-02-12','2020-11-30',null,'\x',null,'Y','2020-12-30','Monthly'),(924,924,'Jarrod','Davenport','nulla.Cras.eu@anteNunc.org','1997-07-08','2020-11-30',null,'\x',null,'N','2020-12-30','Monthly'),(925,925,'Vielka','Duncan','nulla.magna@magnaSedeu.org','1995-10-06','2020-11-30',null,'\x',null,'Y','2020-12-30','Monthly'),(926,926,'Cathleen','Battle','nonummy@euarcuMorbi.edu','1992-01-05','2020-11-30',null,'\x',null,'N','2020-12-30','Monthly'),(927,927,'Jaden','Ferguson','lacus@pulvinararcuet.com','1996-05-13','2020-11-30',null,'\x',null,'Y','2020-12-30','Monthly'),(928,928,'Adara','Curry','iaculis.nec.eleifend@sollicitudincommodoipsum.ca','1997-06-23','2020-11-30',null,'\x',null,'Y','2020-12-30','Monthly');
INSERT INTO member (MemberID,UserID,FirstName,LastName,Email,DateOfBirth,JoinedDate,LeftDate,Photo,Note,NewsLetterSubscription,MembershipExpiryDate,PaymentPlan) VALUES (929,929,'Dai','Rodriguez','rutrum.magna@Craseget.edu','1993-11-08','2020-11-30',null,'\x',null,'Y','2020-12-30','Monthly'),(930,930,'Mason','Stevens','aliquam.eu.accumsan@nibhenimgravida.co.uk','1993-07-13','2020-11-30',null,'\x',null,'Y','2020-12-30','Monthly'),(931,931,'Dale','Dixon','Praesent.luctus@tinciduntDonecvitae.edu','1995-12-29','2020-11-30',null,'\x',null,'Y','2020-12-30','Monthly'),(932,932,'Finn','Frank','eu.odio.tristique@vel.com','1992-11-20','2020-11-30',null,'\x',null,'Y','2020-12-30','Monthly'),(933,933,'Jasmine','Russell','Nunc.ac@semeget.ca','1995-04-14','2020-11-30',null,'\x',null,'N','2020-12-30','Monthly'),(934,934,'Zachery','Huber','ultricies.ligula@ultricesposuere.edu','1995-12-29','2020-11-30',null,'\x',null,'Y','2020-12-30','Monthly'),(935,935,'Bo','Bates','magna.Suspendisse.tristique@nonluctussit.ca','1992-04-07','2020-11-30',null,'\x',null,'N','2020-12-30','Monthly'),(936,936,'Evelyn','Blanchard','dictum.sapien.Aenean@adlitoratorquent.edu','1992-08-23','2020-11-30',null,'\x',null,'Y','2020-12-30','Monthly'),(937,937,'Camille','Hall','ridiculus.mus@Donec.co.uk','1993-12-04','2020-11-30',null,'\x',null,'N','2020-12-30','Monthly'),(938,938,'Martena','Mathis','lorem.ac.risus@necimperdietnec.ca','1992-09-05','2020-11-30',null,'\x',null,'Y','2020-12-30','Monthly');
INSERT INTO member (MemberID,UserID,FirstName,LastName,Email,DateOfBirth,JoinedDate,LeftDate,Photo,Note,NewsLetterSubscription,MembershipExpiryDate,PaymentPlan) VALUES (939,939,'Azalia','Conrad','eget.mollis.lectus@pede.ca','1992-08-15','2020-11-30',null,'\x',null,'N','2020-12-30','Monthly'),(940,940,'Merrill','Best','netus.et@metusIn.net','1992-02-13','2020-11-30',null,'\x',null,'Y','2020-12-30','Monthly'),(941,941,'Alec','Grant','rutrum.magna.Cras@sitametdapibus.co.uk','1995-02-10','2020-11-30',null,'\x',null,'N','2020-12-30','Monthly'),(942,942,'David','Payne','elit.fermentum.risus@elit.co.uk','1996-03-30','2020-11-30',null,'\x',null,'Y','2020-12-30','Monthly'),(943,943,'Simon','Davidson','sodales@urnaconvalliserat.net','1992-01-04','2020-11-30',null,'\x',null,'Y','2020-12-30','Monthly'),(944,944,'Maia','Kidd','ipsum.dolor@Quisquefringilla.co.uk','1992-09-16','2020-11-30',null,'\x',null,'Y','2020-12-30','Monthly'),(945,945,'Willa','Roberts','a.scelerisque.sed@dapibusid.net','1993-11-23','2020-11-30',null,'\x',null,'Y','2020-12-30','Monthly'),(946,946,'Indigo','Whitley','libero@ut.edu','1997-08-09','2020-11-30',null,'\x',null,'N','2020-12-30','Monthly'),(947,947,'Hall','Allen','elementum.sem@Vestibulumuteros.edu','1996-02-28','2020-11-30',null,'\x',null,'Y','2020-12-30','Monthly'),(948,948,'Leigh','Arnold','elit@pharetra.com','1995-11-01','2020-11-30',null,'\x',null,'N','2020-12-30','Monthly');
INSERT INTO member (MemberID,UserID,FirstName,LastName,Email,DateOfBirth,JoinedDate,LeftDate,Photo,Note,NewsLetterSubscription,MembershipExpiryDate,PaymentPlan) VALUES (949,949,'Dieter','Weiss','enim@lectus.com','1993-09-26','2020-11-30',null,'\x',null,'N','2020-12-30','Monthly'),(950,950,'Cody','Mclean','odio.Phasellus@Integervulputaterisus.org','1995-06-21','2020-11-30',null,'\x',null,'Y','2020-12-30','Monthly'),(951,951,'Lee','Lowery','ut.erat@Maecenasornare.co.uk','1993-06-02','2020-11-30',null,'\x',null,'Y','2020-12-30','Monthly'),(952,952,'Maggy','Clay','a.auctor@sed.org','1995-11-15','2020-11-30',null,'\x',null,'N','2020-12-30','Monthly'),(953,953,'Nicholas','Marquez','justo@Sed.co.uk','1997-11-14','2020-11-30',null,'\x',null,'N','2020-12-30','Monthly'),(954,954,'Keefe','Moran','est.tempor@amet.edu','1993-08-08','2020-11-30',null,'\x',null,'N','2020-12-30','Monthly'),(955,955,'Audra','Orr','varius@velitegestas.net','1995-09-24','2020-11-30',null,'\x',null,'Y','2020-12-30','Monthly'),(956,956,'Graham','Trevino','non.quam.Pellentesque@purus.co.uk','1992-04-03','2020-11-30',null,'\x',null,'Y','2020-12-30','Monthly'),(957,957,'Pascale','Martin','lectus.justo@enimSed.co.uk','1996-03-16','2020-11-30',null,'\x',null,'N','2020-12-30','Monthly'),(958,958,'Holmes','Atkinson','elit.a@necmalesuada.ca','1994-01-09','2020-11-30',null,'\x',null,'Y','2020-12-30','Monthly');
INSERT INTO member (MemberID,UserID,FirstName,LastName,Email,DateOfBirth,JoinedDate,LeftDate,Photo,Note,NewsLetterSubscription,MembershipExpiryDate,PaymentPlan) VALUES (959,959,'Bradley','Finch','nec.eleifend@sociisnatoque.co.uk','1997-11-26','2020-11-30',null,'\x',null,'Y','2020-12-30','Monthly'),(960,960,'Maia','Rollins','quis@consectetueradipiscing.co.uk','1994-12-22','2020-11-30',null,'\x',null,'N','2020-12-30','Monthly'),(961,961,'Brooke','Garza','sem.egestas.blandit@luctus.co.uk','1994-06-13','2020-11-30',null,'\x',null,'N','2020-12-30','Monthly'),(962,962,'Mallory','Malone','enim.Etiam@enimmi.net','1995-05-21','2020-11-30',null,'\x',null,'N','2020-12-30','Monthly'),(963,963,'Hermione','Chase','semper.pretium.neque@convallis.co.uk','1992-05-25','2020-11-30',null,'\x',null,'Y','2020-12-30','Monthly'),(964,964,'Kay','Mcintosh','tincidunt.aliquam@odio.ca','1992-03-06','2020-11-30',null,'\x',null,'Y','2020-12-30','Monthly'),(965,965,'Hasad','Morin','penatibus@aliquamadipiscinglacus.co.uk','1994-08-24','2020-11-30',null,'\x',null,'Y','2020-12-30','Monthly'),(966,966,'Lester','Juarez','Praesent.eu@odiotristiquepharetra.edu','1993-10-31','2020-11-30',null,'\x',null,'Y','2020-12-30','Monthly'),(967,967,'Duncan','Keith','ipsum@nonloremvitae.com','1997-08-14','2020-11-30',null,'\x',null,'Y','2020-12-30','Monthly'),(968,968,'Brenda','Harrison','vitae.dolor@sapienCras.ca','1997-12-26','2020-11-30',null,'\x',null,'Y','2020-12-30','Monthly');
INSERT INTO member (MemberID,UserID,FirstName,LastName,Email,DateOfBirth,JoinedDate,LeftDate,Photo,Note,NewsLetterSubscription,MembershipExpiryDate,PaymentPlan) VALUES (969,969,'Christen','Osborn','velit@nonlaciniaat.edu','1994-05-18','2020-11-30',null,'\x',null,'Y','2020-12-30','Monthly'),(970,970,'Kenyon','Sanchez','consequat.nec.mollis@nullaCraseu.ca','1992-08-12','2020-11-30',null,'\x',null,'N','2020-12-30','Monthly'),(971,971,'Odessa','House','congue@risusMorbi.net','1993-12-20','2020-11-30',null,'\x',null,'N','2020-12-30','Monthly'),(972,972,'Mira','Barber','magnis.dis@facilisiseget.ca','1995-05-24','2020-11-30',null,'\x',null,'N','2020-12-30','Monthly'),(973,973,'Scott','Hampton','Curabitur.sed@egetmetusIn.edu','1996-07-26','2020-11-30',null,'\x',null,'N','2020-12-30','Monthly'),(974,974,'Brody','Hall','Ut@fermentumarcuVestibulum.ca','1993-01-28','2020-11-30',null,'\x',null,'N','2020-12-30','Monthly'),(975,975,'Jorden','Holcomb','mauris.aliquam@tinciduntadipiscingMauris.net','1995-02-11','2020-11-30',null,'\x',null,'N','2020-12-30','Monthly'),(976,976,'Oliver','Ramsey','accumsan@velmauris.ca','1997-11-09','2020-11-30',null,'\x',null,'Y','2020-12-30','Monthly'),(977,977,'Fatima','Walton','dictum@perconubianostra.co.uk','1995-04-26','2020-11-30',null,'\x',null,'N','2020-12-30','Monthly'),(978,978,'Wallace','Barrera','consectetuer@amet.org','1993-03-10','2020-11-30',null,'\x',null,'Y','2020-12-30','Monthly');
INSERT INTO member (MemberID,UserID,FirstName,LastName,Email,DateOfBirth,JoinedDate,LeftDate,Photo,Note,NewsLetterSubscription,MembershipExpiryDate,PaymentPlan) VALUES (979,979,'Penelope','Cabrera','tellus.Nunc@ornareegestasligula.org','1992-08-04','2020-11-30',null,'\x',null,'N','2020-12-30','Monthly'),(980,980,'Jacob','Buck','eu@bibendumDonec.co.uk','1997-05-02','2020-11-30',null,'\x',null,'N','2020-12-30','Monthly'),(981,981,'Darius','Bolton','In@ligulaDonecluctus.net','1993-08-17','2020-11-30',null,'\x',null,'N','2020-12-30','Monthly'),(982,982,'Connor','Chang','mus.Aenean.eget@Aeneaneget.com','1996-02-22','2020-11-30',null,'\x',null,'Y','2020-12-30','Monthly'),(983,983,'Alyssa','Christian','interdum.ligula.eu@nisidictumaugue.edu','1997-05-28','2020-11-30',null,'\x',null,'Y','2020-12-30','Monthly'),(984,984,'Dana','Crane','facilisis@duiFuscealiquam.org','1995-04-16','2020-11-30',null,'\x',null,'Y','2020-12-30','Monthly'),(985,985,'Thor','Bender','netus.et.malesuada@orci.org','1993-06-23','2020-11-30',null,'\x',null,'Y','2020-12-30','Monthly'),(986,986,'Jameson','Nielsen','vitae@loremvitaeodio.edu','1997-11-30','2020-11-30',null,'\x',null,'Y','2020-12-30','Monthly'),(987,987,'Ursula','Schultz','placerat@Curabitursedtortor.org','1992-02-21','2020-11-30',null,'\x',null,'N','2020-12-30','Monthly'),(988,988,'Stuart','Mcclure','ultrices.iaculis.odio@Etiam.ca','1996-02-29','2020-11-30',null,'\x',null,'Y','2020-12-30','Monthly');
/*weekly*/
INSERT INTO member (MemberID,UserID,FirstName,LastName,Email,DateOfBirth,JoinedDate,LeftDate,Photo,Note,NewsLetterSubscription,MembershipExpiryDate,PaymentPlan) VALUES (989,989,'Buffy','Davenport','bibendum.sed@adipiscingelit.net','1993-10-08','2020-11-30',null,'\x',null,'Y','2020-12-07','Weekly'),(990,990,'Asher','Grant','id.risus@nectempus.co.uk','1992-08-05','2020-11-30',null,'\x',null,'Y','2020-12-07','Weekly'),(991,991,'Ronan','Greene','sit@Proinegetodio.org','1996-07-14','2020-11-30',null,'\x',null,'N','2020-12-07','Weekly'),(992,992,'Keegan','Donaldson','ut.erat.Sed@sem.net','1996-03-13','2020-11-30',null,'\x',null,'N','2020-12-07','Weekly'),(993,993,'Ferdinand','Wooten','venenatis@mollisDuis.com','1995-05-15','2020-11-30',null,'\x',null,'Y','2020-12-07','Weekly'),(994,994,'Leroy','Cantu','nec.mollis@pede.net','1993-06-28','2020-11-30',null,'\x',null,'N','2020-12-07','Weekly'),(995,995,'Ethan','Herrera','lorem.ac.risus@ultricesiaculis.com','1992-02-17','2020-11-30',null,'\x',null,'N','2020-12-07','Weekly'),(996,996,'Wing','Winters','Donec.est@Nullam.co.uk','1996-04-24','2020-11-30',null,'\x',null,'Y','2020-12-07','Weekly'),(997,997,'Lael','Taylor','ullamcorper.viverra@Ut.net','1997-11-29','2020-11-30',null,'\x',null,'Y','2020-12-07','Weekly'),(998,998,'Blaze','Klein','dui.Fusce@iaculis.org','1996-02-25','2020-11-30',null,'\x',null,'N','2020-12-07','Weekly');
INSERT INTO member (MemberID,UserID,FirstName,LastName,Email,DateOfBirth,JoinedDate,LeftDate,Photo,Note,NewsLetterSubscription,MembershipExpiryDate,PaymentPlan) VALUES (999,999,'Blaze','Perkins','diam.lorem@Nullamut.net','1994-08-18','2020-11-30',null,'\x',null,'Y','2020-12-07','Weekly'),(1000,1000,'Angela','Rollins','Etiam.bibendum.fermentum@feugiatplaceratvelit.ca','1992-03-24','2020-11-30',null,'\x',null,'Y','2020-12-07','Weekly'),(1001,1001,'Amaya','Rogers','tempus@quisdiam.org','1992-04-29','2020-11-30',null,'\x',null,'Y','2020-12-07','Weekly'),(1002,1002,'Cairo','Perkins','metus.Vivamus@nequepellentesquemassa.co.uk','1994-06-23','2020-11-30',null,'\x',null,'Y','2020-12-07','Weekly'),(1003,1003,'Jael','Mason','metus.facilisis.lorem@molestiearcuSed.com','1994-11-25','2020-11-30',null,'\x',null,'N','2020-12-07','Weekly');
/*---------------------------------------------------------------------------------------------------------------------*/
CREATE TABLE trainer(
TrainerID int NOT NULL,
UserID int NOT NULL,
FirstName varchar(20) NOT NULL,
LastName varchar(20) NOT NULL,
Email varchar(50) NOT NULL,
DateOfBirth date NOT NULL,
JoinedDate date NOT NULL,
LeftDate date,
Photo bytea,
Description varchar(9000),
AvailabilityStartTime time NOT NULL,
AvailabilityEndTime time NOT NULL,
PRIMARY KEY (TrainerID),
FOREIGN KEY (UserID) REFERENCES userlog(UserID)
);
/*---------------------------------------------------------------------------------------------------------------------*/
INSERT INTO trainer (TrainerID, UserID, FirstName, LastName, Email, DateOfBirth, JoinedDate, LeftDate, Photo, Description, AvailabilityStartTime, AvailabilityEndTime) VALUES 
(2, 2, 'Trainer01', 'Trainer01', 'Trainer01@gamil.com', '1984-12-01', '2018-12-01', null,'\x', null, '12:00:00','13:00:00'), 
(3, 3, 'Trainer02', 'Trainer02', 'Trainer02@gamil.com', '1980-01-01', '2015-06-01', null,'\x', null, '13:00:00','14:00:00');
INSERT INTO trainer (TrainerID,UserID,FirstName,LastName,Email,DateOfBirth,JoinedDate,LeftDate,Photo,Description,AvailabilityStartTime,AvailabilityEndTime) VALUES 
(1004,1004,'Naida','Schmidt','mi.tempor.lorem@vehicula.org','1976-09-25','2020-11-03',null,'\x',null,'14:00:00','15:00:00'),
(1005,1005,'Whoopi','Sandoval','Integer.mollis.Integer@enim.ca','1983-01-12','2020-10-03',null,'\x',null,'15:00:00','16:00:00'),
(1006,1006,'Ima','Mckinney','nec.eleifend.non@arcu.org','1982-03-02','2020-11-03',null,'\x',null,'17:00:00','18:00:00'),
(1007,1007,'Caldwell','Lancaster','interdum.ligula@porttitor.com','1977-10-01','2020-11-15',null,'\x',null,'19:00:00','20:00:00'),
(1008,1008,'Denton','Beasley','auctor@orcilacus.ca','1984-05-18','2020-10-26',null,'\x',null,'20:00:00','21:00:00'),
(1009,1009,'Rachel','Berger','commodo@aliquetvel.net','1982-12-23','2020-11-01',null,'\x',null,'05:00:00','06:00:00'),
(1010,1010,'Arthur','Dodson','enim.gravida.sit@Suspendisse.co.uk','1981-08-01','2020-10-25',null,'\x',null,'07:00:00','08:00:00'),
(1011,1011,'Marshall','Hudson','Etiam.bibendum@augueSedmolestie.ca','1981-11-07','2020-10-16',null,'\x',null,'11:00:00','12:00:00'),
(1012,1012,'Burton','Vance','ante.lectus.convallis@eu.ca','1980-01-10','2020-10-25',null,'\x',null,'12:00:00','13:00:00'),
(1013,1013,'Leonard','Floyd','pede.Suspendisse.dui@lectusquis.org','1982-08-09','2020-11-09',null,'\x',null,'08:00:00','09:00:00');
INSERT INTO trainer (TrainerID,UserID,FirstName,LastName,Email,DateOfBirth,JoinedDate,LeftDate,Photo,Description,AvailabilityStartTime,AvailabilityEndTime) VALUES 
(1014,1014,'Mallory','Patton','orci@egestasSed.net','1982-09-17','2020-11-07',null,'\x',null,'09:00:00','10:00:00'),
(1015,1015,'Mufutau','Mcbride','mattis.velit@erategetipsum.edu','1983-03-01','2020-11-19',null,'\x',null,'10:00:00','11:00:00'),
(1016,1016,'Norman','Barlow','volutpat@placeratCrasdictum.org','1978-10-06','2020-10-25',null,'\x',null,'12:00:00','13:00:00'),
(1017,1017,'Clinton','Winters','lorem.auctor@tellus.net','1976-07-12','2020-10-01',null,'\x',null,'13:00:00','14:00:00'),
(1018,1018,'Jade','Cote','egestas.Aliquam@sociosquad.com','1977-03-20','2020-11-15',null,'\x',null,'14:00:00','15:00:00'),
(1019,1019,'Bianca','Mcguire','lorem.sit@faucibus.com','1982-05-16','2020-11-15',null,'\x',null,'15:00:00','16:00:00'),
(1020,1020,'Holly','Reid','Morbi.accumsan.laoreet@primisin.net','1980-06-08','2020-10-10',null,'\x',null,'16:00:00','17:00:00'),
(1021,1021,'Dillon','Phelps','tellus.lorem.eu@egestas.co.uk','1983-06-10','2020-11-01',null,'\x',null,'17:00:00','18:00:00');
/*---------------------------------------------------------------------------------------------------------------------*/
CREATE TABLE Payment(
PaymentID int NOT NULL,
MemberID int NOT NULL,
PaymentStatus varchar(20) NOT NULL,
PaidPrice decimal(5,2) NOT NULL,
PaymentDueDate date, --should be NOT NULL but will need to update all insert into values first
PaymentDate date,
PaymentPlan varchar(50),
PRIMARY KEY (PaymentID),
FOREIGN KEY (MemberID) REFERENCES member(MemberID),
FOREIGN KEY (PaymentPlan) REFERENCES price(PaymentPlan)
);
/*---------------------------------------------------------------------------------------------------------------------*/
INSERT INTO Payment (PaymentID, MemberID, PaymentStatus, PaidPrice, PaymentDate) VALUES 
(100001, 4, 'Paid', 900.00, '2020-12-01'), 
(100002, 5, 'Not Paid', 80.00, '2020-12-01'), 
(100003, 6, 'Paid', 80.00, '2020-11-30'), 
(100004, 7, 'Paid', 900.00, '2020-11-20'), 
(100005, 8, 'Not Paid', 900.00, '2020-11-25');
INSERT INTO Payment (PaymentID,MemberID,PaymentStatus,PaidPrice,PaymentDate) VALUES (100006,9,'Paid','900.00','2020-11-16'),(100007,10,'Paid','900.00','2020-11-16'),(100008,11,'Paid','900.00','2020-11-16'),(100009,12,'Paid','900.00','2020-11-16'),(100010,13,'Paid','900.00','2020-11-16'),(100011,14,'Paid','900.00','2020-11-16'),(100012,15,'Paid','900.00','2020-11-16'),(100013,16,'Paid','900.00','2020-11-16'),(100014,17,'Paid','900.00','2020-11-16'),(100015,18,'Paid','900.00','2020-11-16');
INSERT INTO Payment (PaymentID,MemberID,PaymentStatus,PaidPrice,PaymentDate) VALUES (100016,19,'Paid','900.00','2020-11-16'),(100017,20,'Paid','900.00','2020-11-16'),(100018,21,'Paid','900.00','2020-11-16'),(100019,22,'Paid','900.00','2020-11-16'),(100020,23,'Paid','900.00','2020-11-16'),(100021,24,'Paid','900.00','2020-11-16'),(100022,25,'Paid','900.00','2020-11-16'),(100023,26,'Paid','900.00','2020-11-16'),(100024,27,'Paid','900.00','2020-11-16'),(100025,28,'Paid','900.00','2020-11-16');
INSERT INTO Payment (PaymentID,MemberID,PaymentStatus,PaidPrice,PaymentDate) VALUES (100026,29,'Paid','900.00','2020-11-16'),(100027,30,'Paid','900.00','2020-11-16'),(100028,31,'Paid','900.00','2020-11-16'),(100029,32,'Paid','900.00','2020-11-16'),(100030,33,'Paid','900.00','2020-11-16'),(100031,34,'Paid','900.00','2020-11-16'),(100032,35,'Paid','900.00','2020-11-16'),(100033,36,'Paid','900.00','2020-11-16'),(100034,37,'Paid','900.00','2020-11-16'),(100035,38,'Paid','900.00','2020-11-16');
INSERT INTO Payment (PaymentID,MemberID,PaymentStatus,PaidPrice,PaymentDate) VALUES (100036,39,'Paid','900.00','2020-11-16'),(100037,40,'Paid','900.00','2020-11-16'),(100038,41,'Paid','900.00','2020-11-16'),(100039,42,'Paid','900.00','2020-11-16'),(100040,43,'Paid','900.00','2020-11-16'),(100041,44,'Paid','900.00','2020-11-16'),(100042,45,'Paid','900.00','2020-11-16'),(100043,46,'Paid','900.00','2020-11-16'),(100044,47,'Paid','900.00','2020-11-16'),(100045,48,'Paid','900.00','2020-11-16');
INSERT INTO Payment (PaymentID,MemberID,PaymentStatus,PaidPrice,PaymentDate) VALUES (100046,49,'Paid','900.00','2020-11-16'),(100047,50,'Paid','900.00','2020-11-16'),(100048,51,'Paid','900.00','2020-11-16'),(100049,52,'Paid','900.00','2020-11-16'),(100050,53,'Paid','900.00','2020-11-16'),(100051,54,'Paid','900.00','2020-11-16'),(100052,55,'Paid','900.00','2020-11-16'),(100053,56,'Paid','900.00','2020-11-16'),(100054,57,'Paid','900.00','2020-11-16'),(100055,58,'Paid','900.00','2020-11-16');
INSERT INTO Payment (PaymentID,MemberID,PaymentStatus,PaidPrice,PaymentDate) VALUES (100056,59,'Paid','900.00','2020-11-16'),(100057,60,'Paid','900.00','2020-11-16'),(100058,61,'Paid','900.00','2020-11-16'),(100059,62,'Paid','900.00','2020-11-16'),(100060,63,'Paid','900.00','2020-11-16'),(100061,64,'Paid','900.00','2020-11-16'),(100062,65,'Paid','900.00','2020-11-16'),(100063,66,'Paid','900.00','2020-11-16'),(100064,67,'Paid','900.00','2020-11-16'),(100065,68,'Paid','900.00','2020-11-16');
INSERT INTO Payment (PaymentID,MemberID,PaymentStatus,PaidPrice,PaymentDate) VALUES (100066,69,'Paid','900.00','2020-11-16'),(100067,70,'Paid','900.00','2020-11-16'),(100068,71,'Paid','900.00','2020-11-16'),(100069,72,'Paid','900.00','2020-11-16'),(100070,73,'Paid','900.00','2020-11-16'),(100071,74,'Paid','900.00','2020-11-16'),(100072,75,'Paid','900.00','2020-11-16'),(100073,76,'Paid','900.00','2020-11-16'),(100074,77,'Paid','900.00','2020-11-16'),(100075,78,'Paid','900.00','2020-11-16');
INSERT INTO Payment (PaymentID,MemberID,PaymentStatus,PaidPrice,PaymentDate) VALUES (100076,79,'Paid','900.00','2020-11-16'),(100077,80,'Paid','900.00','2020-11-16'),(100078,81,'Paid','900.00','2020-11-16'),(100079,82,'Paid','900.00','2020-11-16'),(100080,83,'Paid','900.00','2020-11-16'),(100081,84,'Paid','900.00','2020-11-16'),(100082,85,'Paid','900.00','2020-11-16'),(100083,86,'Paid','900.00','2020-11-16'),(100084,87,'Paid','900.00','2020-11-16'),(100085,88,'Paid','900.00','2020-11-16');
INSERT INTO Payment (PaymentID,MemberID,PaymentStatus,PaidPrice,PaymentDate) VALUES (100086,89,'Paid','900.00','2020-11-16'),(100087,90,'Paid','900.00','2020-11-16'),(100088,91,'Paid','900.00','2020-11-16'),(100089,92,'Paid','900.00','2020-11-16'),(100090,93,'Paid','900.00','2020-11-16'),(100091,94,'Paid','900.00','2020-11-16'),(100092,95,'Paid','900.00','2020-11-16'),(100093,96,'Paid','900.00','2020-11-16'),(100094,97,'Paid','900.00','2020-11-16'),(100095,98,'Paid','900.00','2020-11-16');
INSERT INTO Payment (PaymentID,MemberID,PaymentStatus,PaidPrice,PaymentDate) VALUES (100096,99,'Paid','900.00','2020-11-16'),(100097,100,'Paid','900.00','2020-11-16'),(100098,101,'Paid','900.00','2020-11-16'),(100099,102,'Paid','900.00','2020-11-16'),(100100,103,'Paid','900.00','2020-11-16'),(100101,104,'Paid','900.00','2020-11-16'),(100102,105,'Paid','900.00','2020-11-16'),(100103,106,'Paid','900.00','2020-11-16'),(100104,107,'Paid','900.00','2020-11-16'),(100105,108,'Paid','900.00','2020-11-16');
INSERT INTO Payment (PaymentID,MemberID,PaymentStatus,PaidPrice,PaymentDate) VALUES (100106,109,'Paid','900.00','2020-11-17'),(100107,110,'Paid','900.00','2020-11-17'),(100108,111,'Paid','900.00','2020-11-17'),(100109,112,'Paid','900.00','2020-11-17'),(100110,113,'Paid','900.00','2020-11-17'),(100111,114,'Paid','900.00','2020-11-17'),(100112,115,'Paid','900.00','2020-11-17'),(100113,116,'Paid','900.00','2020-11-17'),(100114,117,'Paid','900.00','2020-11-17'),(100115,118,'Paid','900.00','2020-11-17');
INSERT INTO Payment (PaymentID,MemberID,PaymentStatus,PaidPrice,PaymentDate) VALUES (100116,119,'Paid','900.00','2020-11-17'),(100117,120,'Paid','900.00','2020-11-17'),(100118,121,'Paid','900.00','2020-11-17'),(100119,122,'Paid','900.00','2020-11-17'),(100120,123,'Paid','900.00','2020-11-17'),(100121,124,'Paid','900.00','2020-11-17'),(100122,125,'Paid','900.00','2020-11-17'),(100123,126,'Paid','900.00','2020-11-17'),(100124,127,'Paid','900.00','2020-11-17'),(100125,128,'Paid','900.00','2020-11-17');
INSERT INTO Payment (PaymentID,MemberID,PaymentStatus,PaidPrice,PaymentDate) VALUES (100126,129,'Paid','900.00','2020-11-17'),(100127,130,'Paid','900.00','2020-11-17'),(100128,131,'Paid','900.00','2020-11-17'),(100129,132,'Paid','900.00','2020-11-17'),(100130,133,'Paid','900.00','2020-11-17'),(100131,134,'Paid','900.00','2020-11-17'),(100132,135,'Paid','900.00','2020-11-17'),(100133,136,'Paid','900.00','2020-11-17'),(100134,137,'Paid','900.00','2020-11-17'),(100135,138,'Paid','900.00','2020-11-17');
INSERT INTO Payment (PaymentID,MemberID,PaymentStatus,PaidPrice,PaymentDate) VALUES (100136,139,'Paid','900.00','2020-11-17'),(100137,140,'Paid','900.00','2020-11-17'),(100138,141,'Paid','900.00','2020-11-17'),(100139,142,'Paid','900.00','2020-11-17'),(100140,143,'Paid','900.00','2020-11-17'),(100141,144,'Paid','900.00','2020-11-17'),(100142,145,'Paid','900.00','2020-11-17'),(100143,146,'Paid','900.00','2020-11-17'),(100144,147,'Paid','900.00','2020-11-17'),(100145,148,'Paid','900.00','2020-11-17');
INSERT INTO Payment (PaymentID,MemberID,PaymentStatus,PaidPrice,PaymentDate) VALUES (100146,149,'Paid','900.00','2020-11-17'),(100147,150,'Paid','900.00','2020-11-17'),(100148,151,'Paid','900.00','2020-11-17'),(100149,152,'Paid','900.00','2020-11-17'),(100150,153,'Paid','900.00','2020-11-17'),(100151,154,'Paid','900.00','2020-11-17'),(100152,155,'Paid','900.00','2020-11-17'),(100153,156,'Paid','900.00','2020-11-17'),(100154,157,'Paid','900.00','2020-11-17'),(100155,158,'Paid','900.00','2020-11-17');
INSERT INTO Payment (PaymentID,MemberID,PaymentStatus,PaidPrice,PaymentDate) VALUES (100156,159,'Paid','900.00','2020-11-17'),(100157,160,'Paid','900.00','2020-11-17'),(100158,161,'Paid','900.00','2020-11-17'),(100159,162,'Paid','900.00','2020-11-17'),(100160,163,'Paid','900.00','2020-11-17'),(100161,164,'Paid','900.00','2020-11-17'),(100162,165,'Paid','900.00','2020-11-17'),(100163,166,'Paid','900.00','2020-11-17'),(100164,167,'Paid','900.00','2020-11-17'),(100165,168,'Paid','900.00','2020-11-17');
INSERT INTO Payment (PaymentID,MemberID,PaymentStatus,PaidPrice,PaymentDate) VALUES (100166,169,'Paid','900.00','2020-11-17'),(100167,170,'Paid','900.00','2020-11-17'),(100168,171,'Paid','900.00','2020-11-17'),(100169,172,'Paid','900.00','2020-11-17'),(100170,173,'Paid','900.00','2020-11-17'),(100171,174,'Paid','900.00','2020-11-17'),(100172,175,'Paid','900.00','2020-11-17'),(100173,176,'Paid','900.00','2020-11-17'),(100174,177,'Paid','900.00','2020-11-17'),(100175,178,'Paid','900.00','2020-11-17');
INSERT INTO Payment (PaymentID,MemberID,PaymentStatus,PaidPrice,PaymentDate) VALUES (100176,179,'Paid','900.00','2020-11-17'),(100177,180,'Paid','900.00','2020-11-17'),(100178,181,'Paid','900.00','2020-11-17'),(100179,182,'Paid','900.00','2020-11-17'),(100180,183,'Paid','900.00','2020-11-17'),(100181,184,'Paid','900.00','2020-11-17'),(100182,185,'Paid','900.00','2020-11-17'),(100183,186,'Paid','900.00','2020-11-17'),(100184,187,'Paid','900.00','2020-11-17'),(100185,188,'Paid','900.00','2020-11-17');
INSERT INTO Payment (PaymentID,MemberID,PaymentStatus,PaidPrice,PaymentDate) VALUES (100186,189,'Paid','900.00','2020-11-17'),(100187,190,'Paid','900.00','2020-11-17'),(100188,191,'Paid','900.00','2020-11-17'),(100189,192,'Paid','900.00','2020-11-17'),(100190,193,'Paid','900.00','2020-11-17'),(100191,194,'Paid','900.00','2020-11-17'),(100192,195,'Paid','900.00','2020-11-17'),(100193,196,'Paid','900.00','2020-11-17'),(100194,197,'Paid','900.00','2020-11-17'),(100195,198,'Paid','900.00','2020-11-17');
INSERT INTO Payment (PaymentID,MemberID,PaymentStatus,PaidPrice,PaymentDate) VALUES (100196,199,'Paid','900.00','2020-11-17'),(100197,200,'Paid','900.00','2020-11-17'),(100198,201,'Paid','900.00','2020-11-17'),(100199,202,'Paid','900.00','2020-11-17'),(100200,203,'Paid','900.00','2020-11-17'),(100201,204,'Paid','900.00','2020-11-17'),(100202,205,'Paid','900.00','2020-11-17'),(100203,206,'Paid','900.00','2020-11-17'),(100204,207,'Paid','900.00','2020-11-17'),(100205,208,'Paid','900.00','2020-11-17');
INSERT INTO Payment (PaymentID,MemberID,PaymentStatus,PaidPrice,PaymentDate) VALUES (100306,209,'Paid','900.00','2020-11-19'),(100307,210,'Paid','900.00','2020-11-19'),(100308,211,'Paid','900.00','2020-11-19'),(100309,212,'Paid','900.00','2020-11-19'),(100310,213,'Paid','900.00','2020-11-19'),(100311,214,'Paid','900.00','2020-11-19'),(100312,215,'Paid','900.00','2020-11-19'),(100313,216,'Paid','900.00','2020-11-19'),(100314,217,'Paid','900.00','2020-11-19'),(100315,218,'Paid','900.00','2020-11-19');
INSERT INTO Payment (PaymentID,MemberID,PaymentStatus,PaidPrice,PaymentDate) VALUES (100316,219,'Paid','900.00','2020-11-19'),(100317,220,'Paid','900.00','2020-11-19'),(100318,221,'Paid','900.00','2020-11-19'),(100319,222,'Paid','900.00','2020-11-19'),(100320,223,'Paid','900.00','2020-11-19'),(100321,224,'Paid','900.00','2020-11-19'),(100322,225,'Paid','900.00','2020-11-19'),(100323,226,'Paid','900.00','2020-11-19'),(100324,227,'Paid','900.00','2020-11-19'),(100325,228,'Paid','900.00','2020-11-19');
INSERT INTO Payment (PaymentID,MemberID,PaymentStatus,PaidPrice,PaymentDate) VALUES (100326,229,'Paid','900.00','2020-11-19'),(100327,230,'Paid','900.00','2020-11-19'),(100328,231,'Paid','900.00','2020-11-19'),(100329,232,'Paid','900.00','2020-11-19'),(100330,233,'Paid','900.00','2020-11-19'),(100331,234,'Paid','900.00','2020-11-19'),(100332,235,'Paid','900.00','2020-11-19'),(100333,236,'Paid','900.00','2020-11-19'),(100334,237,'Paid','900.00','2020-11-19'),(100335,238,'Paid','900.00','2020-11-19');
INSERT INTO Payment (PaymentID,MemberID,PaymentStatus,PaidPrice,PaymentDate) VALUES (100336,239,'Paid','900.00','2020-11-19'),(100337,240,'Paid','900.00','2020-11-19'),(100338,241,'Paid','900.00','2020-11-19'),(100339,242,'Paid','900.00','2020-11-19'),(100340,243,'Paid','900.00','2020-11-19'),(100341,244,'Paid','900.00','2020-11-19'),(100342,245,'Paid','900.00','2020-11-19'),(100343,246,'Paid','900.00','2020-11-19'),(100344,247,'Paid','900.00','2020-11-19'),(100345,248,'Paid','900.00','2020-11-19');
INSERT INTO Payment (PaymentID,MemberID,PaymentStatus,PaidPrice,PaymentDate) VALUES (100346,249,'Paid','900.00','2020-11-19'),(100347,250,'Paid','900.00','2020-11-19'),(100348,251,'Paid','900.00','2020-11-19'),(100349,252,'Paid','900.00','2020-11-19'),(100350,253,'Paid','900.00','2020-11-19'),(100351,254,'Paid','900.00','2020-11-19'),(100352,255,'Paid','900.00','2020-11-19'),(100353,256,'Paid','900.00','2020-11-19'),(100354,257,'Paid','900.00','2020-11-19'),(100355,258,'Paid','900.00','2020-11-19');
INSERT INTO Payment (PaymentID,MemberID,PaymentStatus,PaidPrice,PaymentDate) VALUES (100356,259,'Paid','900.00','2020-11-19'),(100357,260,'Paid','900.00','2020-11-19'),(100358,261,'Paid','900.00','2020-11-19'),(100359,262,'Paid','900.00','2020-11-19'),(100360,263,'Paid','900.00','2020-11-19'),(100361,264,'Paid','900.00','2020-11-19'),(100362,265,'Paid','900.00','2020-11-19'),(100363,266,'Paid','900.00','2020-11-19'),(100364,267,'Paid','900.00','2020-11-19'),(100365,268,'Paid','900.00','2020-11-19');
INSERT INTO Payment (PaymentID,MemberID,PaymentStatus,PaidPrice,PaymentDate) VALUES (100366,269,'Paid','900.00','2020-11-19'),(100367,270,'Paid','900.00','2020-11-19'),(100368,271,'Paid','900.00','2020-11-19'),(100369,272,'Paid','900.00','2020-11-19'),(100370,273,'Paid','900.00','2020-11-19'),(100371,274,'Paid','900.00','2020-11-19'),(100372,275,'Paid','900.00','2020-11-19'),(100373,276,'Paid','900.00','2020-11-19'),(100374,277,'Paid','900.00','2020-11-19'),(100375,278,'Paid','900.00','2020-11-19');
INSERT INTO Payment (PaymentID,MemberID,PaymentStatus,PaidPrice,PaymentDate) VALUES (100376,279,'Paid','900.00','2020-11-19'),(100377,280,'Paid','900.00','2020-11-19'),(100378,281,'Paid','900.00','2020-11-19'),(100379,282,'Paid','900.00','2020-11-19'),(100380,283,'Paid','900.00','2020-11-19'),(100381,284,'Paid','900.00','2020-11-19'),(100382,285,'Paid','900.00','2020-11-19'),(100383,286,'Paid','900.00','2020-11-19'),(100384,287,'Paid','900.00','2020-11-19'),(100385,288,'Paid','900.00','2020-11-19');
INSERT INTO Payment (PaymentID,MemberID,PaymentStatus,PaidPrice,PaymentDate) VALUES (100386,289,'Paid','900.00','2020-11-19'),(100387,290,'Paid','900.00','2020-11-19'),(100388,291,'Paid','900.00','2020-11-19'),(100389,292,'Paid','900.00','2020-11-19'),(100390,293,'Paid','900.00','2020-11-19'),(100391,294,'Paid','900.00','2020-11-19'),(100392,295,'Paid','900.00','2020-11-19'),(100393,296,'Paid','900.00','2020-11-19'),(100394,297,'Paid','900.00','2020-11-19'),(100395,298,'Paid','900.00','2020-11-19');
INSERT INTO Payment (PaymentID,MemberID,PaymentStatus,PaidPrice,PaymentDate) VALUES (100396,299,'Paid','900.00','2020-11-19'),(100397,300,'Paid','900.00','2020-11-19'),(100398,301,'Paid','900.00','2020-11-19'),(100399,302,'Paid','900.00','2020-11-19'),(100400,303,'Paid','900.00','2020-11-19'),(100401,304,'Paid','900.00','2020-11-19'),(100402,305,'Paid','900.00','2020-11-19'),(100403,306,'Paid','900.00','2020-11-19'),(100404,307,'Paid','900.00','2020-11-19'),(100405,308,'Paid','900.00','2020-11-19');
INSERT INTO Payment (PaymentID,MemberID,PaymentStatus,PaidPrice,PaymentDate) VALUES (100406,309,'Paid','900.00','2020-11-21'),(100407,310,'Paid','900.00','2020-11-21'),(100408,311,'Paid','900.00','2020-11-21'),(100409,312,'Paid','900.00','2020-11-21'),(100410,313,'Paid','900.00','2020-11-21'),(100411,314,'Paid','900.00','2020-11-21'),(100412,315,'Paid','900.00','2020-11-21'),(100413,316,'Paid','900.00','2020-11-21'),(100414,317,'Paid','900.00','2020-11-21'),(100415,318,'Paid','900.00','2020-11-21');
INSERT INTO Payment (PaymentID,MemberID,PaymentStatus,PaidPrice,PaymentDate) VALUES (100416,319,'Paid','900.00','2020-11-21'),(100417,320,'Paid','900.00','2020-11-21'),(100418,321,'Paid','900.00','2020-11-21'),(100419,322,'Paid','900.00','2020-11-21'),(100420,323,'Paid','900.00','2020-11-21'),(100421,324,'Paid','900.00','2020-11-21'),(100422,325,'Paid','900.00','2020-11-21'),(100423,326,'Paid','900.00','2020-11-21'),(100424,327,'Paid','900.00','2020-11-21'),(100425,328,'Paid','900.00','2020-11-21');
INSERT INTO Payment (PaymentID,MemberID,PaymentStatus,PaidPrice,PaymentDate) VALUES (100426,329,'Paid','900.00','2020-11-21'),(100427,330,'Paid','900.00','2020-11-21'),(100428,331,'Paid','900.00','2020-11-21'),(100429,332,'Paid','900.00','2020-11-21'),(100430,333,'Paid','900.00','2020-11-21'),(100431,334,'Paid','900.00','2020-11-21'),(100432,335,'Paid','900.00','2020-11-21'),(100433,336,'Paid','900.00','2020-11-21'),(100434,337,'Paid','900.00','2020-11-21'),(100435,338,'Paid','900.00','2020-11-21');
INSERT INTO Payment (PaymentID,MemberID,PaymentStatus,PaidPrice,PaymentDate) VALUES (100436,339,'Paid','900.00','2020-11-21'),(100437,340,'Paid','900.00','2020-11-21'),(100438,341,'Paid','900.00','2020-11-21'),(100439,342,'Paid','900.00','2020-11-21'),(100440,343,'Paid','900.00','2020-11-21'),(100441,344,'Paid','900.00','2020-11-21'),(100442,345,'Paid','900.00','2020-11-21'),(100443,346,'Paid','900.00','2020-11-21'),(100444,347,'Paid','900.00','2020-11-21'),(100445,348,'Paid','900.00','2020-11-21');
INSERT INTO Payment (PaymentID,MemberID,PaymentStatus,PaidPrice,PaymentDate) VALUES (100446,349,'Paid','900.00','2020-11-21'),(100447,350,'Paid','900.00','2020-11-21'),(100448,351,'Paid','900.00','2020-11-21'),(100449,352,'Paid','900.00','2020-11-21'),(100450,353,'Paid','900.00','2020-11-21'),(100451,354,'Paid','900.00','2020-11-21'),(100452,355,'Paid','900.00','2020-11-21'),(100453,356,'Paid','900.00','2020-11-21'),(100454,357,'Paid','900.00','2020-11-21'),(100455,358,'Paid','900.00','2020-11-21');
INSERT INTO Payment (PaymentID,MemberID,PaymentStatus,PaidPrice,PaymentDate) VALUES (100456,359,'Paid','900.00','2020-11-21'),(100457,360,'Paid','900.00','2020-11-21'),(100458,361,'Paid','900.00','2020-11-21'),(100459,362,'Paid','900.00','2020-11-21'),(100460,363,'Paid','900.00','2020-11-21'),(100461,364,'Paid','900.00','2020-11-21'),(100462,365,'Paid','900.00','2020-11-21'),(100463,366,'Paid','900.00','2020-11-21'),(100464,367,'Paid','900.00','2020-11-21'),(100465,368,'Paid','900.00','2020-11-21');
INSERT INTO Payment (PaymentID,MemberID,PaymentStatus,PaidPrice,PaymentDate) VALUES (100466,369,'Paid','900.00','2020-11-21'),(100467,370,'Paid','900.00','2020-11-21'),(100468,371,'Paid','900.00','2020-11-21'),(100469,372,'Paid','900.00','2020-11-21'),(100470,373,'Paid','900.00','2020-11-21'),(100471,374,'Paid','900.00','2020-11-21'),(100472,375,'Paid','900.00','2020-11-21'),(100473,376,'Paid','900.00','2020-11-21'),(100474,377,'Paid','900.00','2020-11-21'),(100475,378,'Paid','900.00','2020-11-21');
INSERT INTO Payment (PaymentID,MemberID,PaymentStatus,PaidPrice,PaymentDate) VALUES (100476,379,'Paid','900.00','2020-11-21'),(100477,380,'Paid','900.00','2020-11-21'),(100478,381,'Paid','900.00','2020-11-21'),(100479,382,'Paid','900.00','2020-11-21'),(100480,383,'Paid','900.00','2020-11-21'),(100481,384,'Paid','900.00','2020-11-21'),(100482,385,'Paid','900.00','2020-11-21'),(100483,386,'Paid','900.00','2020-11-21'),(100484,387,'Paid','900.00','2020-11-21'),(100485,388,'Paid','900.00','2020-11-21');
INSERT INTO Payment (PaymentID,MemberID,PaymentStatus,PaidPrice,PaymentDate) VALUES (100486,389,'Paid','900.00','2020-11-21'),(100487,390,'Paid','900.00','2020-11-21'),(100488,391,'Paid','900.00','2020-11-21'),(100489,392,'Paid','900.00','2020-11-21'),(100490,393,'Paid','900.00','2020-11-21'),(100491,394,'Paid','900.00','2020-11-21'),(100492,395,'Paid','900.00','2020-11-21'),(100493,396,'Paid','900.00','2020-11-21'),(100494,397,'Paid','900.00','2020-11-21'),(100495,398,'Paid','900.00','2020-11-21');
INSERT INTO Payment (PaymentID,MemberID,PaymentStatus,PaidPrice,PaymentDate) VALUES (100496,399,'Paid','900.00','2020-11-21'),(100497,400,'Paid','900.00','2020-11-21'),(100498,401,'Paid','900.00','2020-11-21'),(100499,402,'Paid','900.00','2020-11-21'),(100500,403,'Paid','900.00','2020-11-21'),(100501,404,'Paid','900.00','2020-11-21'),(100502,405,'Paid','900.00','2020-11-21'),(100503,406,'Paid','900.00','2020-11-21'),(100504,407,'Paid','900.00','2020-11-21'),(100505,408,'Paid','900.00','2020-11-21');
INSERT INTO Payment (PaymentID,MemberID,PaymentStatus,PaidPrice,PaymentDate) VALUES (100506,409,'Paid','900.00','2020-11-22'),(100507,410,'Paid','900.00','2020-11-22'),(100508,411,'Paid','900.00','2020-11-22'),(100509,412,'Paid','900.00','2020-11-22'),(100510,413,'Paid','900.00','2020-11-22'),(100511,414,'Paid','900.00','2020-11-22'),(100512,415,'Paid','900.00','2020-11-22'),(100513,416,'Paid','900.00','2020-11-22'),(100514,417,'Paid','900.00','2020-11-22'),(100515,418,'Paid','900.00','2020-11-22');
INSERT INTO Payment (PaymentID,MemberID,PaymentStatus,PaidPrice,PaymentDate) VALUES (100516,419,'Paid','900.00','2020-11-22'),(100517,420,'Paid','900.00','2020-11-22'),(100518,421,'Paid','900.00','2020-11-22'),(100519,422,'Paid','900.00','2020-11-22'),(100520,423,'Paid','900.00','2020-11-22'),(100521,424,'Paid','900.00','2020-11-22'),(100522,425,'Paid','900.00','2020-11-22'),(100523,426,'Paid','900.00','2020-11-22'),(100524,427,'Paid','900.00','2020-11-22'),(100525,428,'Paid','900.00','2020-11-22');
INSERT INTO Payment (PaymentID,MemberID,PaymentStatus,PaidPrice,PaymentDate) VALUES (100526,429,'Paid','900.00','2020-11-22'),(100527,430,'Paid','900.00','2020-11-22'),(100528,431,'Paid','900.00','2020-11-22'),(100529,432,'Paid','900.00','2020-11-22'),(100530,433,'Paid','900.00','2020-11-22'),(100531,434,'Paid','900.00','2020-11-22'),(100532,435,'Paid','900.00','2020-11-22'),(100533,436,'Paid','900.00','2020-11-22'),(100534,437,'Paid','900.00','2020-11-22'),(100535,438,'Paid','900.00','2020-11-22');
INSERT INTO Payment (PaymentID,MemberID,PaymentStatus,PaidPrice,PaymentDate) VALUES (100536,439,'Paid','900.00','2020-11-22'),(100537,440,'Paid','900.00','2020-11-22'),(100538,441,'Paid','900.00','2020-11-22'),(100539,442,'Paid','900.00','2020-11-22'),(100540,443,'Paid','900.00','2020-11-22'),(100541,444,'Paid','900.00','2020-11-22'),(100542,445,'Paid','900.00','2020-11-22'),(100543,446,'Paid','900.00','2020-11-22'),(100544,447,'Paid','900.00','2020-11-22'),(100545,448,'Paid','900.00','2020-11-22');
INSERT INTO Payment (PaymentID,MemberID,PaymentStatus,PaidPrice,PaymentDate) VALUES (100546,449,'Paid','900.00','2020-11-22'),(100547,450,'Paid','900.00','2020-11-22'),(100548,451,'Paid','900.00','2020-11-22'),(100549,452,'Paid','900.00','2020-11-22'),(100550,453,'Paid','900.00','2020-11-22'),(100551,454,'Paid','900.00','2020-11-22'),(100552,455,'Paid','900.00','2020-11-22'),(100553,456,'Paid','900.00','2020-11-22'),(100554,457,'Paid','900.00','2020-11-22'),(100555,458,'Paid','900.00','2020-11-22');
INSERT INTO Payment (PaymentID,MemberID,PaymentStatus,PaidPrice,PaymentDate) VALUES (100556,459,'Paid','900.00','2020-11-22'),(100557,460,'Paid','900.00','2020-11-22'),(100558,461,'Paid','900.00','2020-11-22'),(100559,462,'Paid','900.00','2020-11-22'),(100560,463,'Paid','900.00','2020-11-22'),(100561,464,'Paid','900.00','2020-11-22'),(100562,465,'Paid','900.00','2020-11-22'),(100563,466,'Paid','900.00','2020-11-22'),(100564,467,'Paid','900.00','2020-11-22'),(100565,468,'Paid','900.00','2020-11-22');
INSERT INTO Payment (PaymentID,MemberID,PaymentStatus,PaidPrice,PaymentDate) VALUES (100566,469,'Paid','900.00','2020-11-22'),(100567,470,'Paid','900.00','2020-11-22'),(100568,471,'Paid','900.00','2020-11-22'),(100569,472,'Paid','900.00','2020-11-22'),(100570,473,'Paid','900.00','2020-11-22'),(100571,474,'Paid','900.00','2020-11-22'),(100572,475,'Paid','900.00','2020-11-22'),(100573,476,'Paid','900.00','2020-11-22'),(100574,477,'Paid','900.00','2020-11-22'),(100575,478,'Paid','900.00','2020-11-22');
INSERT INTO Payment (PaymentID,MemberID,PaymentStatus,PaidPrice,PaymentDate) VALUES (100576,479,'Paid','900.00','2020-11-22'),(100577,480,'Paid','900.00','2020-11-22'),(100578,481,'Paid','900.00','2020-11-22'),(100579,482,'Paid','900.00','2020-11-22'),(100580,483,'Paid','900.00','2020-11-22'),(100581,484,'Paid','900.00','2020-11-22'),(100582,485,'Paid','900.00','2020-11-22'),(100583,486,'Paid','900.00','2020-11-22'),(100584,487,'Paid','900.00','2020-11-22'),(100585,488,'Paid','900.00','2020-11-22');
INSERT INTO Payment (PaymentID,MemberID,PaymentStatus,PaidPrice,PaymentDate) VALUES (100586,489,'Paid','900.00','2020-11-22'),(100587,490,'Paid','900.00','2020-11-22'),(100588,491,'Paid','900.00','2020-11-22'),(100589,492,'Paid','900.00','2020-11-22'),(100590,493,'Paid','900.00','2020-11-22'),(100591,494,'Paid','900.00','2020-11-22'),(100592,495,'Paid','900.00','2020-11-22'),(100593,496,'Paid','900.00','2020-11-22'),(100594,497,'Paid','900.00','2020-11-22'),(100595,498,'Paid','900.00','2020-11-22');
INSERT INTO Payment (PaymentID,MemberID,PaymentStatus,PaidPrice,PaymentDate) VALUES (100596,499,'Paid','900.00','2020-11-22'),(100597,500,'Paid','900.00','2020-11-22'),(100598,501,'Paid','900.00','2020-11-22'),(100599,502,'Paid','900.00','2020-11-22'),(100600,503,'Paid','900.00','2020-11-22'),(100601,504,'Paid','900.00','2020-11-22'),(100602,505,'Paid','900.00','2020-11-22'),(100603,506,'Paid','900.00','2020-11-22'),(100604,507,'Paid','900.00','2020-11-22'),(100605,508,'Paid','900.00','2020-11-22');
INSERT INTO Payment (PaymentID,MemberID,PaymentStatus,PaidPrice,PaymentDate) VALUES (100606,509,'Paid','900.00','2020-11-22'),(100607,510,'Paid','900.00','2020-11-22'),(100608,511,'Paid','900.00','2020-11-22'),(100609,512,'Paid','900.00','2020-11-22'),(100610,513,'Paid','900.00','2020-11-22'),(100611,514,'Paid','900.00','2020-11-22'),(100612,515,'Paid','900.00','2020-11-22'),(100613,516,'Paid','900.00','2020-11-22'),(100614,517,'Paid','900.00','2020-11-22'),(100615,518,'Paid','900.00','2020-11-22');
INSERT INTO Payment (PaymentID,MemberID,PaymentStatus,PaidPrice,PaymentDate) VALUES (100616,519,'Paid','900.00','2020-11-22'),(100617,520,'Paid','900.00','2020-11-22'),(100618,521,'Paid','900.00','2020-11-22'),(100619,522,'Paid','900.00','2020-11-22'),(100620,523,'Paid','900.00','2020-11-22'),(100621,524,'Paid','900.00','2020-11-22'),(100622,525,'Paid','900.00','2020-11-22'),(100623,526,'Paid','900.00','2020-11-22'),(100624,527,'Paid','900.00','2020-11-22'),(100625,528,'Paid','900.00','2020-11-22');
INSERT INTO Payment (PaymentID,MemberID,PaymentStatus,PaidPrice,PaymentDate) VALUES (100626,529,'Paid','900.00','2020-11-22'),(100627,530,'Paid','900.00','2020-11-22'),(100628,531,'Paid','900.00','2020-11-22'),(100629,532,'Paid','900.00','2020-11-22'),(100630,533,'Paid','900.00','2020-11-22'),(100631,534,'Paid','900.00','2020-11-22'),(100632,535,'Paid','900.00','2020-11-22'),(100633,536,'Paid','900.00','2020-11-22'),(100634,537,'Paid','900.00','2020-11-22'),(100635,538,'Paid','900.00','2020-11-22');
INSERT INTO Payment (PaymentID,MemberID,PaymentStatus,PaidPrice,PaymentDate) VALUES (100636,539,'Paid','900.00','2020-11-22'),(100637,540,'Paid','900.00','2020-11-22'),(100638,541,'Paid','900.00','2020-11-22'),(100639,542,'Paid','900.00','2020-11-22'),(100640,543,'Paid','900.00','2020-11-22'),(100641,544,'Paid','900.00','2020-11-22'),(100642,545,'Paid','900.00','2020-11-22'),(100643,546,'Paid','900.00','2020-11-22'),(100644,547,'Paid','900.00','2020-11-22'),(100645,548,'Paid','900.00','2020-11-22');
INSERT INTO Payment (PaymentID,MemberID,PaymentStatus,PaidPrice,PaymentDate) VALUES (100646,549,'Paid','900.00','2020-11-22'),(100647,550,'Paid','900.00','2020-11-22'),(100648,551,'Paid','900.00','2020-11-22'),(100649,552,'Paid','900.00','2020-11-22'),(100650,553,'Paid','900.00','2020-11-22'),(100651,554,'Paid','900.00','2020-11-22'),(100652,555,'Paid','900.00','2020-11-22'),(100653,556,'Paid','900.00','2020-11-22'),(100654,557,'Paid','900.00','2020-11-22'),(100655,558,'Paid','900.00','2020-11-22');
INSERT INTO Payment (PaymentID,MemberID,PaymentStatus,PaidPrice,PaymentDate) VALUES (100656,559,'Paid','900.00','2020-11-22'),(100657,560,'Paid','900.00','2020-11-22'),(100658,561,'Paid','900.00','2020-11-22'),(100659,562,'Paid','900.00','2020-11-22'),(100660,563,'Paid','900.00','2020-11-22'),(100661,564,'Paid','900.00','2020-11-22'),(100662,565,'Paid','900.00','2020-11-22'),(100663,566,'Paid','900.00','2020-11-22'),(100664,567,'Paid','900.00','2020-11-22'),(100665,568,'Paid','900.00','2020-11-22');
INSERT INTO Payment (PaymentID,MemberID,PaymentStatus,PaidPrice,PaymentDate) VALUES (100666,569,'Paid','900.00','2020-11-22'),(100667,570,'Paid','900.00','2020-11-22'),(100668,571,'Paid','900.00','2020-11-22'),(100669,572,'Paid','900.00','2020-11-22'),(100670,573,'Paid','900.00','2020-11-22'),(100671,574,'Paid','900.00','2020-11-22'),(100672,575,'Paid','900.00','2020-11-22'),(100673,576,'Paid','900.00','2020-11-22'),(100674,577,'Paid','900.00','2020-11-22'),(100675,578,'Paid','900.00','2020-11-22');
INSERT INTO Payment (PaymentID,MemberID,PaymentStatus,PaidPrice,PaymentDate) VALUES (100676,579,'Paid','900.00','2020-11-22'),(100677,580,'Paid','900.00','2020-11-22'),(100678,581,'Paid','900.00','2020-11-22'),(100679,582,'Paid','900.00','2020-11-22'),(100680,583,'Paid','900.00','2020-11-22'),(100681,584,'Paid','900.00','2020-11-22'),(100682,585,'Paid','900.00','2020-11-22'),(100683,586,'Paid','900.00','2020-11-22'),(100684,587,'Paid','900.00','2020-11-22'),(100685,588,'Paid','900.00','2020-11-22');
INSERT INTO Payment (PaymentID,MemberID,PaymentStatus,PaidPrice,PaymentDate) VALUES (100686,589,'Paid','900.00','2020-11-22'),(100687,590,'Paid','900.00','2020-11-22'),(100688,591,'Paid','900.00','2020-11-22'),(100689,592,'Paid','900.00','2020-11-22'),(100690,593,'Paid','900.00','2020-11-22'),(100691,594,'Paid','900.00','2020-11-22'),(100692,595,'Paid','900.00','2020-11-22'),(100693,596,'Paid','900.00','2020-11-22'),(100694,597,'Paid','900.00','2020-11-22'),(100695,598,'Paid','900.00','2020-11-22');
INSERT INTO Payment (PaymentID,MemberID,PaymentStatus,PaidPrice,PaymentDate) VALUES (100696,599,'Paid','900.00','2020-11-22'),(100697,600,'Paid','900.00','2020-11-22'),(100698,601,'Paid','900.00','2020-11-22'),(100699,602,'Paid','900.00','2020-11-22'),(100700,603,'Paid','900.00','2020-11-22'),(100701,604,'Paid','900.00','2020-11-22'),(100702,605,'Paid','900.00','2020-11-22'),(100703,606,'Paid','900.00','2020-11-22'),(100704,607,'Paid','900.00','2020-11-22'),(100705,608,'Paid','900.00','2020-11-22');
INSERT INTO Payment (PaymentID,MemberID,PaymentStatus,PaidPrice,PaymentDate) VALUES (100706,609,'Paid','900.00','2020-11-22'),(100707,610,'Paid','900.00','2020-11-22'),(100708,611,'Paid','900.00','2020-11-22'),(100709,612,'Paid','900.00','2020-11-22'),(100710,613,'Paid','900.00','2020-11-22'),(100711,614,'Paid','900.00','2020-11-22'),(100712,615,'Paid','900.00','2020-11-22'),(100713,616,'Paid','900.00','2020-11-22'),(100714,617,'Paid','900.00','2020-11-22'),(100715,618,'Paid','900.00','2020-11-22');
INSERT INTO Payment (PaymentID,MemberID,PaymentStatus,PaidPrice,PaymentDate) VALUES (100716,619,'Paid','900.00','2020-11-22'),(100717,620,'Paid','900.00','2020-11-22'),(100718,621,'Paid','900.00','2020-11-22'),(100719,622,'Paid','900.00','2020-11-22'),(100720,623,'Paid','900.00','2020-11-22'),(100721,624,'Paid','900.00','2020-11-22'),(100722,625,'Paid','900.00','2020-11-22'),(100723,626,'Paid','900.00','2020-11-22'),(100724,627,'Paid','900.00','2020-11-22'),(100725,628,'Paid','900.00','2020-11-22');
INSERT INTO Payment (PaymentID,MemberID,PaymentStatus,PaidPrice,PaymentDate) VALUES (100726,629,'Paid','900.00','2020-11-22'),(100727,630,'Paid','900.00','2020-11-22'),(100728,631,'Paid','900.00','2020-11-22'),(100729,632,'Paid','900.00','2020-11-22'),(100730,633,'Paid','900.00','2020-11-22'),(100731,634,'Paid','900.00','2020-11-22'),(100732,635,'Paid','900.00','2020-11-22'),(100733,636,'Paid','900.00','2020-11-22'),(100734,637,'Paid','900.00','2020-11-22'),(100735,638,'Paid','900.00','2020-11-22');
INSERT INTO Payment (PaymentID,MemberID,PaymentStatus,PaidPrice,PaymentDate) VALUES (100736,639,'Paid','900.00','2020-11-22'),(100737,640,'Paid','900.00','2020-11-22'),(100738,641,'Paid','900.00','2020-11-22'),(100739,642,'Paid','900.00','2020-11-22'),(100740,643,'Paid','900.00','2020-11-22'),(100741,644,'Paid','900.00','2020-11-22'),(100742,645,'Paid','900.00','2020-11-22'),(100743,646,'Paid','900.00','2020-11-22'),(100744,647,'Paid','900.00','2020-11-22'),(100745,648,'Paid','900.00','2020-11-22');
INSERT INTO Payment (PaymentID,MemberID,PaymentStatus,PaidPrice,PaymentDate) VALUES (100746,649,'Paid','900.00','2020-11-22'),(100747,650,'Paid','900.00','2020-11-22'),(100748,651,'Paid','900.00','2020-11-22'),(100749,652,'Paid','900.00','2020-11-22'),(100750,653,'Paid','900.00','2020-11-22'),(100751,654,'Paid','900.00','2020-11-22'),(100752,655,'Paid','900.00','2020-11-22'),(100753,656,'Paid','900.00','2020-11-22'),(100754,657,'Paid','900.00','2020-11-22'),(100755,658,'Paid','900.00','2020-11-22');
INSERT INTO Payment (PaymentID,MemberID,PaymentStatus,PaidPrice,PaymentDate) VALUES (100756,659,'Paid','900.00','2020-11-22'),(100757,660,'Paid','900.00','2020-11-22'),(100758,661,'Paid','900.00','2020-11-22'),(100759,662,'Paid','900.00','2020-11-22'),(100760,663,'Paid','900.00','2020-11-22'),(100761,664,'Paid','900.00','2020-11-22'),(100762,665,'Paid','900.00','2020-11-22'),(100763,666,'Paid','900.00','2020-11-22'),(100764,667,'Paid','900.00','2020-11-22'),(100765,668,'Paid','900.00','2020-11-22');
INSERT INTO Payment (PaymentID,MemberID,PaymentStatus,PaidPrice,PaymentDate) VALUES (100766,669,'Paid','900.00','2020-11-22'),(100767,670,'Paid','900.00','2020-11-22'),(100768,671,'Paid','900.00','2020-11-22'),(100769,672,'Paid','900.00','2020-11-22'),(100770,673,'Paid','900.00','2020-11-22'),(100771,674,'Paid','900.00','2020-11-22'),(100772,675,'Paid','900.00','2020-11-22'),(100773,676,'Paid','900.00','2020-11-22'),(100774,677,'Paid','900.00','2020-11-22'),(100775,678,'Paid','900.00','2020-11-22');
INSERT INTO Payment (PaymentID,MemberID,PaymentStatus,PaidPrice,PaymentDate) VALUES (100776,679,'Paid','900.00','2020-11-22'),(100777,680,'Paid','900.00','2020-11-22'),(100778,681,'Paid','900.00','2020-11-22'),(100779,682,'Paid','900.00','2020-11-22'),(100780,683,'Paid','900.00','2020-11-22'),(100781,684,'Paid','900.00','2020-11-22'),(100782,685,'Paid','900.00','2020-11-22'),(100783,686,'Paid','900.00','2020-11-22'),(100784,687,'Paid','900.00','2020-11-22'),(100785,688,'Paid','900.00','2020-11-22');
INSERT INTO Payment (PaymentID,MemberID,PaymentStatus,PaidPrice,PaymentDate) VALUES (100786,689,'Paid','900.00','2020-11-22'),(100787,690,'Paid','900.00','2020-11-22'),(100788,691,'Paid','900.00','2020-11-22'),(100789,692,'Paid','900.00','2020-11-22'),(100790,693,'Paid','900.00','2020-11-22'),(100791,694,'Paid','900.00','2020-11-22'),(100792,695,'Paid','900.00','2020-11-22'),(100793,696,'Paid','900.00','2020-11-22'),(100794,697,'Paid','900.00','2020-11-22'),(100795,698,'Paid','900.00','2020-11-22');
INSERT INTO Payment (PaymentID,MemberID,PaymentStatus,PaidPrice,PaymentDate) VALUES (100796,699,'Paid','900.00','2020-11-22'),(100797,700,'Paid','900.00','2020-11-22'),(100798,701,'Paid','900.00','2020-11-22'),(100799,702,'Paid','900.00','2020-11-22'),(100800,703,'Paid','900.00','2020-11-22'),(100801,704,'Paid','900.00','2020-11-22'),(100802,705,'Paid','900.00','2020-11-22'),(100803,706,'Paid','900.00','2020-11-22'),(100804,707,'Paid','900.00','2020-11-22'),(100805,708,'Paid','900.00','2020-11-22');
INSERT INTO Payment (PaymentID,MemberID,PaymentStatus,PaidPrice,PaymentDate) VALUES (100806,709,'Paid','900.00','2020-11-26'),(100807,710,'Paid','900.00','2020-11-26'),(100808,711,'Paid','900.00','2020-11-26'),(100809,712,'Paid','900.00','2020-11-26'),(100810,713,'Paid','900.00','2020-11-26'),(100811,714,'Paid','900.00','2020-11-26'),(100812,715,'Paid','900.00','2020-11-26'),(100813,716,'Paid','900.00','2020-11-26'),(100814,717,'Paid','900.00','2020-11-26'),(100815,718,'Paid','900.00','2020-11-26');
INSERT INTO Payment (PaymentID,MemberID,PaymentStatus,PaidPrice,PaymentDate) VALUES (100816,719,'Paid','900.00','2020-11-26'),(100817,720,'Paid','900.00','2020-11-26'),(100818,721,'Paid','900.00','2020-11-26'),(100819,722,'Paid','900.00','2020-11-26'),(100820,723,'Paid','900.00','2020-11-26'),(100821,724,'Paid','900.00','2020-11-26'),(100822,725,'Paid','900.00','2020-11-26'),(100823,726,'Paid','900.00','2020-11-26'),(100824,727,'Paid','900.00','2020-11-26'),(100825,728,'Paid','900.00','2020-11-26');
INSERT INTO Payment (PaymentID,MemberID,PaymentStatus,PaidPrice,PaymentDate) VALUES (100826,729,'Paid','900.00','2020-11-26'),(100827,730,'Paid','900.00','2020-11-26'),(100828,731,'Paid','900.00','2020-11-26'),(100829,732,'Paid','900.00','2020-11-26'),(100830,733,'Paid','900.00','2020-11-26'),(100831,734,'Paid','900.00','2020-11-26'),(100832,735,'Paid','900.00','2020-11-26'),(100833,736,'Paid','900.00','2020-11-26'),(100834,737,'Paid','900.00','2020-11-26'),(100835,738,'Paid','900.00','2020-11-26');
INSERT INTO Payment (PaymentID,MemberID,PaymentStatus,PaidPrice,PaymentDate) VALUES (100836,739,'Paid','900.00','2020-11-26'),(100837,740,'Paid','900.00','2020-11-26'),(100838,741,'Paid','900.00','2020-11-26'),(100839,742,'Paid','900.00','2020-11-26'),(100840,743,'Paid','900.00','2020-11-26'),(100841,744,'Paid','900.00','2020-11-26'),(100842,745,'Paid','900.00','2020-11-26'),(100843,746,'Paid','900.00','2020-11-26'),(100844,747,'Paid','900.00','2020-11-26'),(100845,748,'Paid','900.00','2020-11-26');
INSERT INTO Payment (PaymentID,MemberID,PaymentStatus,PaidPrice,PaymentDate) VALUES (100846,749,'Paid','900.00','2020-11-26'),(100847,750,'Paid','900.00','2020-11-26'),(100848,751,'Paid','900.00','2020-11-26'),(100849,752,'Paid','900.00','2020-11-26'),(100850,753,'Paid','900.00','2020-11-26'),(100851,754,'Paid','900.00','2020-11-26'),(100852,755,'Paid','900.00','2020-11-26'),(100853,756,'Paid','900.00','2020-11-26'),(100854,757,'Paid','900.00','2020-11-26'),(100855,758,'Paid','900.00','2020-11-26');
INSERT INTO Payment (PaymentID,MemberID,PaymentStatus,PaidPrice,PaymentDate) VALUES (100856,759,'Paid','900.00','2020-11-26'),(100857,760,'Paid','900.00','2020-11-26'),(100858,761,'Paid','900.00','2020-11-26'),(100859,762,'Paid','900.00','2020-11-26'),(100860,763,'Paid','900.00','2020-11-26'),(100861,764,'Paid','900.00','2020-11-26'),(100862,765,'Paid','900.00','2020-11-26'),(100863,766,'Paid','900.00','2020-11-26'),(100864,767,'Paid','900.00','2020-11-26'),(100865,768,'Paid','900.00','2020-11-26');
INSERT INTO Payment (PaymentID,MemberID,PaymentStatus,PaidPrice,PaymentDate) VALUES (100866,769,'Paid','900.00','2020-11-26'),(100867,770,'Paid','900.00','2020-11-26'),(100868,771,'Paid','900.00','2020-11-26'),(100869,772,'Paid','900.00','2020-11-26'),(100870,773,'Paid','900.00','2020-11-26'),(100871,774,'Paid','900.00','2020-11-26'),(100872,775,'Paid','900.00','2020-11-26'),(100873,776,'Paid','900.00','2020-11-26'),(100874,777,'Paid','900.00','2020-11-26'),(100875,778,'Paid','900.00','2020-11-26');
INSERT INTO Payment (PaymentID,MemberID,PaymentStatus,PaidPrice,PaymentDate) VALUES (100876,779,'Paid','900.00','2020-11-26'),(100877,780,'Paid','900.00','2020-11-26'),(100878,781,'Paid','900.00','2020-11-26'),(100879,782,'Paid','900.00','2020-11-26'),(100880,783,'Paid','900.00','2020-11-26'),(100881,784,'Paid','900.00','2020-11-26'),(100882,785,'Paid','900.00','2020-11-26'),(100883,786,'Paid','900.00','2020-11-26'),(100884,787,'Paid','900.00','2020-11-26'),(100885,788,'Paid','900.00','2020-11-26');
INSERT INTO Payment (PaymentID,MemberID,PaymentStatus,PaidPrice,PaymentDate) VALUES (100886,789,'Paid','900.00','2020-11-26'),(100887,790,'Paid','900.00','2020-11-26'),(100888,791,'Paid','900.00','2020-11-26'),(100889,792,'Paid','900.00','2020-11-26'),(100890,793,'Paid','900.00','2020-11-26'),(100891,794,'Paid','900.00','2020-11-26'),(100892,795,'Paid','900.00','2020-11-26'),(100893,796,'Paid','900.00','2020-11-26'),(100894,797,'Paid','900.00','2020-11-26'),(100895,798,'Paid','900.00','2020-11-26');
INSERT INTO Payment (PaymentID,MemberID,PaymentStatus,PaidPrice,PaymentDate) VALUES (100896,799,'Paid','900.00','2020-11-26'),(100897,800,'Paid','900.00','2020-11-26'),(100898,801,'Paid','900.00','2020-11-26'),(100899,802,'Paid','900.00','2020-11-26'),(100900,803,'Paid','900.00','2020-11-26'),(100901,804,'Paid','900.00','2020-11-26'),(100902,805,'Paid','900.00','2020-11-26'),(100903,806,'Paid','900.00','2020-11-26'),(100904,807,'Paid','900.00','2020-11-26'),(100905,808,'Paid','900.00','2020-11-26');
INSERT INTO Payment (PaymentID,MemberID,PaymentStatus,PaidPrice,PaymentDate) VALUES (100906,809,'Paid','80.00','2020-11-30'),(100907,810,'Paid','80.00','2020-11-30'),(100908,811,'Paid','80.00','2020-11-30'),(100909,812,'Paid','80.00','2020-11-30'),(100910,813,'Paid','80.00','2020-11-30'),(100911,814,'Paid','80.00','2020-11-30'),(100912,815,'Paid','80.00','2020-11-30'),(100913,816,'Paid','80.00','2020-11-30'),(100914,817,'Paid','80.00','2020-11-30'),(100915,818,'Paid','80.00','2020-11-30');
INSERT INTO Payment (PaymentID,MemberID,PaymentStatus,PaidPrice,PaymentDate) VALUES (100916,819,'Paid','80.00','2020-11-30'),(100917,820,'Paid','80.00','2020-11-30'),(100918,821,'Paid','80.00','2020-11-30'),(100919,822,'Paid','80.00','2020-11-30'),(100920,823,'Paid','80.00','2020-11-30'),(100921,824,'Paid','80.00','2020-11-30'),(100922,825,'Paid','80.00','2020-11-30'),(100923,826,'Paid','80.00','2020-11-30'),(100924,827,'Paid','80.00','2020-11-30'),(100925,828,'Paid','80.00','2020-11-30');
INSERT INTO Payment (PaymentID,MemberID,PaymentStatus,PaidPrice,PaymentDate) VALUES (100926,829,'Paid','80.00','2020-11-30'),(100927,830,'Paid','80.00','2020-11-30'),(100928,831,'Paid','80.00','2020-11-30'),(100929,832,'Paid','80.00','2020-11-30'),(100930,833,'Paid','80.00','2020-11-30'),(100931,834,'Paid','80.00','2020-11-30'),(100932,835,'Paid','80.00','2020-11-30'),(100933,836,'Paid','80.00','2020-11-30'),(100934,837,'Paid','80.00','2020-11-30'),(100935,838,'Paid','80.00','2020-11-30');
INSERT INTO Payment (PaymentID,MemberID,PaymentStatus,PaidPrice,PaymentDate) VALUES (100936,839,'Paid','80.00','2020-11-30'),(100937,840,'Paid','80.00','2020-11-30'),(100938,841,'Paid','80.00','2020-11-30'),(100939,842,'Paid','80.00','2020-11-30'),(100940,843,'Paid','80.00','2020-11-30'),(100941,844,'Paid','80.00','2020-11-30'),(100942,845,'Paid','80.00','2020-11-30'),(100943,846,'Paid','80.00','2020-11-30'),(100944,847,'Paid','80.00','2020-11-30'),(100945,848,'Paid','80.00','2020-11-30');
INSERT INTO Payment (PaymentID,MemberID,PaymentStatus,PaidPrice,PaymentDate) VALUES (100946,849,'Paid','80.00','2020-11-30'),(100947,850,'Paid','80.00','2020-11-30'),(100948,851,'Paid','80.00','2020-11-30'),(100949,852,'Paid','80.00','2020-11-30'),(100950,853,'Paid','80.00','2020-11-30'),(100951,854,'Paid','80.00','2020-11-30'),(100952,855,'Paid','80.00','2020-11-30'),(100953,856,'Paid','80.00','2020-11-30'),(100954,857,'Paid','80.00','2020-11-30'),(100955,858,'Paid','80.00','2020-11-30');
INSERT INTO Payment (PaymentID,MemberID,PaymentStatus,PaidPrice,PaymentDate) VALUES (100956,859,'Paid','80.00','2020-11-30'),(100957,860,'Paid','80.00','2020-11-30'),(100958,861,'Paid','80.00','2020-11-30'),(100959,862,'Paid','80.00','2020-11-30'),(100960,863,'Paid','80.00','2020-11-30'),(100961,864,'Paid','80.00','2020-11-30'),(100962,865,'Paid','80.00','2020-11-30'),(100963,866,'Paid','80.00','2020-11-30'),(100964,867,'Paid','80.00','2020-11-30'),(100965,868,'Paid','80.00','2020-11-30');
INSERT INTO Payment (PaymentID,MemberID,PaymentStatus,PaidPrice,PaymentDate) VALUES (100966,869,'Paid','80.00','2020-11-30'),(100967,870,'Paid','80.00','2020-11-30'),(100968,871,'Paid','80.00','2020-11-30'),(100969,872,'Paid','80.00','2020-11-30'),(100970,873,'Paid','80.00','2020-11-30'),(100971,874,'Paid','80.00','2020-11-30'),(100972,875,'Paid','80.00','2020-11-30'),(100973,876,'Paid','80.00','2020-11-30'),(100974,877,'Paid','80.00','2020-11-30'),(100975,878,'Paid','80.00','2020-11-30');
INSERT INTO Payment (PaymentID,MemberID,PaymentStatus,PaidPrice,PaymentDate) VALUES (100976,879,'Paid','80.00','2020-11-30'),(100977,880,'Paid','80.00','2020-11-30'),(100978,881,'Paid','80.00','2020-11-30'),(100979,882,'Paid','80.00','2020-11-30'),(100980,883,'Paid','80.00','2020-11-30'),(100981,884,'Paid','80.00','2020-11-30'),(100982,885,'Paid','80.00','2020-11-30'),(100983,886,'Paid','80.00','2020-11-30'),(100984,887,'Paid','80.00','2020-11-30'),(100985,888,'Paid','80.00','2020-11-30');
INSERT INTO Payment (PaymentID,MemberID,PaymentStatus,PaidPrice,PaymentDate) VALUES (100986,889,'Paid','80.00','2020-11-30'),(100987,890,'Paid','80.00','2020-11-30'),(100988,891,'Paid','80.00','2020-11-30'),(100989,892,'Paid','80.00','2020-11-30'),(100990,893,'Paid','80.00','2020-11-30'),(100991,894,'Paid','80.00','2020-11-30'),(100992,895,'Paid','80.00','2020-11-30'),(100993,896,'Paid','80.00','2020-11-30'),(100994,897,'Paid','80.00','2020-11-30'),(100995,898,'Paid','80.00','2020-11-30');
INSERT INTO Payment (PaymentID,MemberID,PaymentStatus,PaidPrice,PaymentDate) VALUES (100996,899,'Paid','80.00','2020-11-30'),(100997,900,'Paid','80.00','2020-11-30'),(100998,901,'Paid','80.00','2020-11-30'),(100999,902,'Paid','80.00','2020-11-30'),(101000,903,'Paid','80.00','2020-11-30'),(101001,904,'Paid','80.00','2020-11-30'),(101002,905,'Paid','80.00','2020-11-30'),(101003,906,'Paid','80.00','2020-11-30'),(101004,907,'Paid','80.00','2020-11-30'),(101005,908,'Paid','80.00','2020-11-30');
INSERT INTO Payment (PaymentID,MemberID,PaymentStatus,PaidPrice,PaymentDate) VALUES (101006,909,'Paid','80.00','2020-11-30'),(101007,910,'Paid','80.00','2020-11-30'),(101008,911,'Paid','80.00','2020-11-30'),(101009,912,'Paid','80.00','2020-11-30'),(101010,913,'Paid','80.00','2020-11-30'),(101011,914,'Paid','80.00','2020-11-30'),(101012,915,'Paid','80.00','2020-11-30'),(101013,916,'Paid','80.00','2020-11-30'),(101014,917,'Paid','80.00','2020-11-30'),(101015,918,'Paid','80.00','2020-11-30');
INSERT INTO Payment (PaymentID,MemberID,PaymentStatus,PaidPrice,PaymentDate) VALUES (101016,919,'Paid','80.00','2020-11-30'),(101017,920,'Paid','80.00','2020-11-30'),(101018,921,'Paid','80.00','2020-11-30'),(101019,922,'Paid','80.00','2020-11-30'),(101020,923,'Paid','80.00','2020-11-30'),(101021,924,'Paid','80.00','2020-11-30'),(101022,925,'Paid','80.00','2020-11-30'),(101023,926,'Paid','80.00','2020-11-30'),(101024,927,'Paid','80.00','2020-11-30'),(101025,928,'Paid','80.00','2020-11-30');
INSERT INTO Payment (PaymentID,MemberID,PaymentStatus,PaidPrice,PaymentDate) VALUES (101026,929,'Paid','80.00','2020-11-30'),(101027,930,'Paid','80.00','2020-11-30'),(101028,931,'Paid','80.00','2020-11-30'),(101029,932,'Paid','80.00','2020-11-30'),(101030,933,'Paid','80.00','2020-11-30'),(101031,934,'Paid','80.00','2020-11-30'),(101032,935,'Paid','80.00','2020-11-30'),(101033,936,'Paid','80.00','2020-11-30'),(101034,937,'Paid','80.00','2020-11-30'),(101035,938,'Paid','80.00','2020-11-30');
INSERT INTO Payment (PaymentID,MemberID,PaymentStatus,PaidPrice,PaymentDate) VALUES (101036,939,'Paid','80.00','2020-11-30'),(101037,940,'Paid','80.00','2020-11-30'),(101038,941,'Paid','80.00','2020-11-30'),(101039,942,'Paid','80.00','2020-11-30'),(101040,943,'Paid','80.00','2020-11-30'),(101041,944,'Paid','80.00','2020-11-30'),(101042,945,'Paid','80.00','2020-11-30'),(101043,946,'Paid','80.00','2020-11-30'),(101044,947,'Paid','80.00','2020-11-30'),(101045,948,'Paid','80.00','2020-11-30');
INSERT INTO Payment (PaymentID,MemberID,PaymentStatus,PaidPrice,PaymentDate) VALUES (101046,949,'Paid','80.00','2020-11-30'),(101047,950,'Paid','80.00','2020-11-30'),(101048,951,'Paid','80.00','2020-11-30'),(101049,952,'Paid','80.00','2020-11-30'),(101050,953,'Paid','80.00','2020-11-30'),(101051,954,'Paid','80.00','2020-11-30'),(101052,955,'Paid','80.00','2020-11-30'),(101053,956,'Paid','80.00','2020-11-30'),(101054,957,'Paid','80.00','2020-11-30'),(101055,958,'Paid','80.00','2020-11-30');
INSERT INTO Payment (PaymentID,MemberID,PaymentStatus,PaidPrice,PaymentDate) VALUES (101056,959,'Paid','80.00','2020-11-30'),(101057,960,'Paid','80.00','2020-11-30'),(101058,961,'Paid','80.00','2020-11-30'),(101059,962,'Paid','80.00','2020-11-30'),(101060,963,'Paid','80.00','2020-11-30'),(101061,964,'Paid','80.00','2020-11-30'),(101062,965,'Paid','80.00','2020-11-30'),(101063,966,'Paid','80.00','2020-11-30'),(101064,967,'Paid','80.00','2020-11-30'),(101065,968,'Paid','80.00','2020-11-30');
INSERT INTO Payment (PaymentID,MemberID,PaymentStatus,PaidPrice,PaymentDate) VALUES (101066,969,'Paid','80.00','2020-11-30'),(101067,970,'Paid','80.00','2020-11-30'),(101068,971,'Paid','80.00','2020-11-30'),(101069,972,'Paid','80.00','2020-11-30'),(101070,973,'Paid','80.00','2020-11-30'),(101071,974,'Paid','80.00','2020-11-30'),(101072,975,'Paid','80.00','2020-11-30'),(101073,976,'Paid','80.00','2020-11-30'),(101074,977,'Paid','80.00','2020-11-30'),(101075,978,'Paid','80.00','2020-11-30');
INSERT INTO Payment (PaymentID,MemberID,PaymentStatus,PaidPrice,PaymentDate) VALUES (101076,979,'Paid','80.00','2020-11-30'),(101077,980,'Paid','80.00','2020-11-30'),(101078,981,'Paid','80.00','2020-11-30'),(101079,982,'Paid','80.00','2020-11-30'),(101080,983,'Paid','80.00','2020-11-30'),(101081,984,'Paid','80.00','2020-11-30'),(101082,985,'Paid','80.00','2020-11-30'),(101083,986,'Paid','80.00','2020-11-30'),(101084,987,'Paid','80.00','2020-11-30'),(101085,988,'Paid','80.00','2020-11-30');
INSERT INTO Payment (PaymentID,MemberID,PaymentStatus,PaidPrice,PaymentDate) VALUES (101086,989,'Paid','20','2020-11-30'),(101087,990,'Paid','20','2020-11-30'),(101088,991,'Paid','20','2020-11-30'),(101089,992,'Paid','20','2020-11-30'),(101090,993,'Paid','20','2020-11-30'),(101091,994,'Paid','20','2020-11-30'),(101092,995,'Paid','20','2020-11-30'),(101093,996,'Paid','20','2020-11-30'),(101094,997,'Paid','20','2020-11-30'),(101095,998,'Paid','20','2020-11-30');
INSERT INTO Payment (PaymentID,MemberID,PaymentStatus,PaidPrice,PaymentDate) VALUES (101096,999,'Paid','20','2020-11-30'),(101097,1000,'Paid','20','2020-11-30'),(101098,1001,'Paid','20','2020-11-30'),(101099,1002,'Paid','20','2020-11-30'),(101100,1003,'Paid','20','2020-11-30');
/*---------------------------------------------------------------------------------------------------------------------*/
CREATE TABLE GymVisit(
GymVisitID int NOT NULL,
MemberID int NOT NULL,
GymVisitDate date NOT NULL,
GymVisitTime time NOT NULL,
PRIMARY KEY (GymVisitID),
FOREIGN KEY (MemberID) REFERENCES member(MemberID)
);
/*---------------------------------------------------------------------------------------------------------------------*/
INSERT INTO GymVisit (GymVisitID,MemberID,GymVisitDate,GymVisitTime) VALUES (1,4,'2020-12-07','07:46:51'),(2,5,'2020-12-01','11:19:11'),(3,6,'2020-12-01','00:32:48'),(4,7,'2020-12-06','22:24:57'),(5,8,'2020-12-06','16:37:36'),(6,9,'2020-12-04','00:27:19'),(7,10,'2020-12-06','22:14:26'),(8,11,'2020-12-03','05:41:13'),(9,12,'2020-12-07','22:08:55'),(10,13,'2020-12-07','23:18:45');
INSERT INTO GymVisit (GymVisitID,MemberID,GymVisitDate,GymVisitTime) VALUES (11,14,'2020-12-04','08:17:47'),(12,15,'2020-12-05','14:37:18'),(13,16,'2020-12-07','07:14:45'),(14,17,'2020-12-04','02:03:19'),(15,18,'2020-12-01','04:25:20'),(16,19,'2020-12-05','01:27:55'),(17,20,'2020-12-03','21:45:22'),(18,21,'2020-12-06','08:34:43'),(19,22,'2020-12-02','16:33:53'),(20,23,'2020-12-04','23:27:22');
INSERT INTO GymVisit (GymVisitID,MemberID,GymVisitDate,GymVisitTime) VALUES (21,24,'2020-12-03','06:55:38'),(22,25,'2020-12-05','05:48:54'),(23,26,'2020-12-04','18:33:03'),(24,27,'2020-12-03','04:22:50'),(25,28,'2020-12-02','10:58:12'),(26,29,'2020-12-01','22:41:42'),(27,30,'2020-12-07','09:26:27'),(28,31,'2020-12-03','10:10:26'),(29,32,'2020-12-05','09:16:19'),(30,33,'2020-12-05','20:26:55');
INSERT INTO GymVisit (GymVisitID,MemberID,GymVisitDate,GymVisitTime) VALUES (31,34,'2020-12-03','05:29:40'),(32,35,'2020-12-05','05:45:38'),(33,36,'2020-12-01','03:12:12'),(34,37,'2020-12-01','11:05:55'),(35,38,'2020-12-05','07:49:27'),(36,39,'2020-12-01','16:40:35'),(37,40,'2020-12-02','19:48:47'),(38,41,'2020-12-04','17:31:52'),(39,42,'2020-12-04','02:35:47'),(40,43,'2020-12-07','16:01:44');
INSERT INTO GymVisit (GymVisitID,MemberID,GymVisitDate,GymVisitTime) VALUES (41,44,'2020-12-01','04:54:46'),(42,45,'2020-12-07','16:18:39'),(43,46,'2020-12-04','10:55:48'),(44,47,'2020-12-03','10:10:44'),(45,48,'2020-12-07','02:59:12'),(46,49,'2020-12-04','12:39:56'),(47,50,'2020-12-07','09:33:22'),(48,51,'2020-12-02','16:23:12'),(49,52,'2020-12-01','12:13:35'),(50,53,'2020-12-04','18:56:29');
INSERT INTO GymVisit (GymVisitID,MemberID,GymVisitDate,GymVisitTime) VALUES (51,54,'2020-12-06','10:46:07'),(52,55,'2020-12-03','12:56:52'),(53,56,'2020-12-01','12:38:31'),(54,57,'2020-12-03','03:26:38'),(55,58,'2020-12-03','03:13:18'),(56,59,'2020-12-05','19:01:15'),(57,60,'2020-12-03','01:05:16'),(58,61,'2020-12-07','08:53:30'),(59,62,'2020-12-07','20:23:52'),(60,63,'2020-12-01','18:06:06');
INSERT INTO GymVisit (GymVisitID,MemberID,GymVisitDate,GymVisitTime) VALUES (61,64,'2020-12-06','00:48:01'),(62,65,'2020-12-05','11:11:17'),(63,66,'2020-12-01','13:18:12'),(64,67,'2020-12-03','01:26:04'),(65,68,'2020-12-07','19:06:30'),(66,69,'2020-12-04','12:46:43'),(67,70,'2020-12-01','02:56:13'),(68,71,'2020-12-03','19:23:18'),(69,72,'2020-12-03','05:16:00'),(70,73,'2020-12-07','19:47:02');
INSERT INTO GymVisit (GymVisitID,MemberID,GymVisitDate,GymVisitTime) VALUES (71,74,'2020-12-06','06:10:12'),(72,75,'2020-12-04','21:02:40'),(73,76,'2020-12-01','17:43:46'),(74,77,'2020-12-04','22:54:06'),(75,78,'2020-12-01','07:31:28'),(76,79,'2020-12-05','23:52:11'),(77,80,'2020-12-06','07:27:57'),(78,81,'2020-12-05','16:24:59'),(79,82,'2020-12-04','11:16:07'),(80,83,'2020-12-04','09:57:06');
INSERT INTO GymVisit (GymVisitID,MemberID,GymVisitDate,GymVisitTime) VALUES (81,84,'2020-12-01','15:26:32'),(82,85,'2020-12-01','13:02:28'),(83,86,'2020-12-05','22:57:10'),(84,87,'2020-12-01','02:57:59'),(85,88,'2020-12-05','04:09:38'),(86,89,'2020-12-03','05:14:12'),(87,90,'2020-12-01','10:56:24'),(88,91,'2020-12-01','15:28:38'),(89,92,'2020-12-06','16:36:57'),(90,93,'2020-12-05','04:47:49');
INSERT INTO GymVisit (GymVisitID,MemberID,GymVisitDate,GymVisitTime) VALUES (91,94,'2020-12-07','14:39:35'),(92,95,'2020-12-07','15:32:14'),(93,96,'2020-12-01','11:05:38'),(94,97,'2020-12-03','18:33:53'),(95,98,'2020-12-04','00:26:49'),(96,99,'2020-12-02','03:22:20'),(97,100,'2020-12-02','01:45:37'),(98,101,'2020-12-07','11:53:57'),(99,102,'2020-12-06','05:44:48'),(100,103,'2020-12-03','23:57:04');
/*---------------------------------------------------------------------------------------------------------------------*/
CREATE TABLE PersonalSessionBooking(
PersonalSessionBookingID int NOT NULL,
MemberID int NOT NULL,
TrainerID int NOT NULL,
PersonalSessionDate date NOT NULL,
PersonalSessionStartTime time NOT NULL,
PersonalSessionEndTime time NOT NULL,
Price decimal(5,2) NOT NULL,
Location varchar(100),
BookingDate date NOT NULL,
BookingTime time NOT NULL,
Note varchar(9000),
PaymentID int,
PRIMARY KEY (PersonalSessionBookingID),
FOREIGN KEY (MemberID) REFERENCES member(MemberID),
FOREIGN KEY (TrainerID) REFERENCES trainer(TrainerID),
FOREIGN KEY (PaymentID) REFERENCES Payment(PaymentID)
);
/*---------------------------------------------------------------------------------------------------------------------*/
INSERT INTO PersonalSessionBooking (PersonalSessionBookingID,MemberID,TrainerID,PersonalSessionDate,PersonalSessionStartTime,PersonalSessionEndTime,Price,Location,BookingDate,BookingTime,Note) VALUES (1,4,2,'2020-12-01','12:00:00','13:00:00','5.00','Personal Exercise Studio','2020-11-30','10:45:20',null),(2,5,2,'2020-12-02','12:00:00','13:00:00','5.00','Personal Exercise Studio','2020-11-30','19:40:55',null),(3,6,2,'2020-12-03','12:00:00','13:00:00','5.00','Personal Exercise Studio','2020-11-30','06:16:54',null),(4,7,2,'2020-12-04','12:00:00','13:00:00','5.00','Personal Exercise Studio','2020-11-30','19:20:52',null),(5,8,2,'2020-12-05','12:00:00','13:00:00','5.00','Personal Exercise Studio','2020-11-29','08:31:49',null),(6,9,2,'2020-12-06','12:00:00','13:00:00','5.00','Personal Exercise Studio','2020-11-29','13:10:09',null),(7,10,2,'2020-12-07','12:00:00','13:00:00','5.00','Personal Exercise Studio','2020-11-29','17:48:02',null);
INSERT INTO PersonalSessionBooking (PersonalSessionBookingID,MemberID,TrainerID,PersonalSessionDate,PersonalSessionStartTime,PersonalSessionEndTime,Price,Location,BookingDate,BookingTime,Note) VALUES (8,4,2,'2021-01-01','12:00:00','13:00:00','5.00','Personal Exercise Studio','2020-12-30','10:40:20',null),(9,6,1004,'2021-01-03','14:00:00','15:00:00','5.00','Personal Exercise Studio','2021-01-05','10:30:20',null);
/*---------------------------------------------------------------------------------------------------------------------*/
CREATE TABLE PersonalSessionAttendance(
PersonalSessionAttendanceID int NOT NULL,
MemberID int NOT NULL,
PersonalSessionBookingID int NOT NULL,
AttendanceStatus varchar(20),
PRIMARY KEY (PersonalSessionAttendanceID),
FOREIGN KEY (MemberID) REFERENCES member(MemberID),
FOREIGN KEY (PersonalSessionBookingID) REFERENCES PersonalSessionBooking(PersonalSessionBookingID)
);
/*---------------------------------------------------------------------------------------------------------------------*/
INSERT INTO PersonalSessionAttendance (PersonalSessionAttendanceID,MemberID,PersonalSessionBookingID,AttendanceStatus) VALUES (1,4,1,'Did not show'),(2,5,2,'Attended'),(3,6,3,'Attended'),(4,7,4,'Did not show'),(5,8,5,'Attended'),(6,9,6,'Attended'),(7,10,7,'Attended');
/*---------------------------------------------------------------------------------------------------------------------*/
CREATE TABLE GroupExercise(
GroupExerciseID int NOT NULL,
GroupClassName varchar(100) NOT NULL,
GroupClassStartDate date NOT NULL,
GroupClassEndDate date NOT NULL,
Description varchar(9000),
PRIMARY KEY (GroupExerciseID)
);
/*---------------------------------------------------------------------------------------------------------------------*/
INSERT INTO GroupExercise (GroupExerciseID, GroupClassName, GroupClassStartDate, GroupClassEndDate, Description) VALUES 
(101, 'LESMILLS TONE', '2020-12-01', '2021-05-01', null),
(202, 'LESMILLS GRIT', '2020-12-01', '2021-05-01', null),
(303, 'LESMILLS RPM', '2020-12-01', '2021-05-01', null),
(404, 'LINCOLN ACTIVE SENIORS', '2020-12-01', '2021-05-01', null),
(505, 'LESMILLS BODYPUMP', '2020-12-01', '2021-05-01', null),
(606, 'LESMILLS BODYATTACK', '2020-12-01', '2021-05-01', null),
(707, 'LESMILLS BODYSTEP', '2020-12-01', '2021-05-01', null),
(808, 'LINCOLN YOGA', '2020-12-01', '2021-05-01', null);
/*---------------------------------------------------------------------------------------------------------------------*/
CREATE TABLE GroupSession(
GroupSessionID int NOT NULL,
GroupExerciseID int NOT NULL,
TrainerID int NOT NULL,
GroupSessionStartDate date NOT NULL,
GroupSessionStartTime time NOT NULL,
GroupSessionEndTime time NOT NULL,
Location varchar(50) NOT NULL,
PRIMARY KEY (GroupSessionID),
FOREIGN KEY (GroupExerciseID) REFERENCES GroupExercise(GroupExerciseID),
FOREIGN KEY (TrainerID) REFERENCES Trainer(TrainerID)
);
/*---------------------------------------------------------------------------------------------------------------------*/
/*LESMILLS TONE 101, 5pm-5.45pm Tue*/
INSERT INTO GroupSession (GroupSessionID,GroupExerciseID,TrainerID,GroupSessionStartDate,GroupSessionStartTime,GroupSessionEndTime,Location) VALUES (10000,'101','2','2020-12-01','17:00:00','17:45:00','Group Exercise Studio'),(10001,'101','2','2020-12-08','17:00:00','17:45:00','Group Exercise Studio'),(10002,'101','2','2020-12-15','17:00:00','17:45:00','Group Exercise Studio'),(10003,'101','2','2020-12-22','17:00:00','17:45:00','Group Exercise Studio'),(10004,'101','2','2020-12-29','17:00:00','17:45:00','Group Exercise Studio'),(10005,'101','2','2021-01-05','17:00:00','17:45:00','Group Exercise Studio'),(10006,'101','2','2021-01-12','17:00:00','17:45:00','Group Exercise Studio'),(10007,'101','2','2021-01-19','17:00:00','17:45:00','Group Exercise Studio'),(10008,'101','2','2021-01-26','17:00:00','17:45:00','Group Exercise Studio'),(10009,'101','2','2021-02-02','17:00:00','17:45:00','Group Exercise Studio');
INSERT INTO GroupSession (GroupSessionID,GroupExerciseID,TrainerID,GroupSessionStartDate,GroupSessionStartTime,GroupSessionEndTime,Location) VALUES (10010,'101','2','2021-02-09','17:00:00','17:45:00','Group Exercise Studio'),(10011,'101','2','2021-02-16','17:00:00','17:45:00','Group Exercise Studio'),(10012,'101','2','2021-02-23','17:00:00','17:45:00','Group Exercise Studio'),(10013,'101','2','2021-03-02','17:00:00','17:45:00','Group Exercise Studio'),(10014,'101','2','2021-03-09','17:00:00','17:45:00','Group Exercise Studio'),(10015,'101','2','2021-03-16','17:00:00','17:45:00','Group Exercise Studio'),(10016,'101','2','2021-03-23','17:00:00','17:45:00','Group Exercise Studio'),(10017,'101','2','2021-03-30','17:00:00','17:45:00','Group Exercise Studio'),(10018,'101','2','2021-04-06','17:00:00','17:45:00','Group Exercise Studio'),(10019,'101','2','2021-04-13','17:00:00','17:45:00','Group Exercise Studio');
INSERT INTO GroupSession (GroupSessionID,GroupExerciseID,TrainerID,GroupSessionStartDate,GroupSessionStartTime,GroupSessionEndTime,Location) VALUES (10020,'101','2','2021-04-20','17:00:00','17:45:00','Group Exercise Studio'),(10021,'101','2','2021-04-27','17:00:00','17:45:00','Group Exercise Studio');

/*LESMILLS TONE 101, 6.45am-7.30am Sun*/
INSERT INTO GroupSession (GroupSessionID,GroupExerciseID,TrainerID,GroupSessionStartDate,GroupSessionStartTime,GroupSessionEndTime,Location) VALUES (10030,'101','3','2020-12-06','06:45:00','07:30:00','Group Exercise Studio'),(10031,'101','3','2020-12-13','06:45:00','07:30:00','Group Exercise Studio'),(10032,'101','3','2020-12-20','06:45:00','07:30:00','Group Exercise Studio'),(10033,'101','3','2020-12-27','06:45:00','07:30:00','Group Exercise Studio'),(10034,'101','3','2021-01-03','06:45:00','07:30:00','Group Exercise Studio'),(10035,'101','3','2021-01-10','06:45:00','07:30:00','Group Exercise Studio'),(10036,'101','3','2021-01-17','06:45:00','07:30:00','Group Exercise Studio'),(10037,'101','3','2021-01-24','06:45:00','07:30:00','Group Exercise Studio'),(10038,'101','3','2021-01-31','06:45:00','07:30:00','Group Exercise Studio'),(10039,'101','3','2021-02-07','06:45:00','07:30:00','Group Exercise Studio');
INSERT INTO GroupSession (GroupSessionID,GroupExerciseID,TrainerID,GroupSessionStartDate,GroupSessionStartTime,GroupSessionEndTime,Location) VALUES (10040,'101','3','2021-02-14','06:45:00','07:30:00','Group Exercise Studio'),(10041,'101','3','2021-02-21','06:45:00','07:30:00','Group Exercise Studio'),(10042,'101','3','2021-02-28','06:45:00','07:30:00','Group Exercise Studio'),(10043,'101','3','2021-03-07','06:45:00','07:30:00','Group Exercise Studio'),(10044,'101','3','2021-03-14','06:45:00','07:30:00','Group Exercise Studio'),(10045,'101','3','2021-03-21','06:45:00','07:30:00','Group Exercise Studio'),(10046,'101','3','2021-03-28','06:45:00','07:30:00','Group Exercise Studio'),(10047,'101','3','2021-04-04','06:45:00','07:30:00','Group Exercise Studio'),(10048,'101','3','2021-04-11','06:45:00','07:30:00','Group Exercise Studio'),(10049,'101','3','2021-04-18','06:45:00','07:30:00','Group Exercise Studio');
INSERT INTO GroupSession (GroupSessionID,GroupExerciseID,TrainerID,GroupSessionStartDate,GroupSessionStartTime,GroupSessionEndTime,Location) VALUES (10050,'101','3','2021-04-25','06:45:00','07:30:00','Group Exercise Studio');

/*LESMILLS GRIT 202 6pm-6.30pm Tue*/
INSERT INTO GroupSession (GroupSessionID,GroupExerciseID,TrainerID,GroupSessionStartDate,GroupSessionStartTime,GroupSessionEndTime,Location) VALUES (10060,'202','1004','2020-12-01','18:00:00','18:30:00','Group Exercise Studio'),(10061,'202','1004','2020-12-08','18:00:00','18:30:00','Group Exercise Studio'),(10062,'202','1004','2020-12-15','18:00:00','18:30:00','Group Exercise Studio'),(10063,'202','1004','2020-12-22','18:00:00','18:30:00','Group Exercise Studio'),(10064,'202','1004','2020-12-29','18:00:00','18:30:00','Group Exercise Studio'),(10065,'202','1004','2021-01-05','18:00:00','18:30:00','Group Exercise Studio'),(10066,'202','1004','2021-01-12','18:00:00','18:30:00','Group Exercise Studio'),(10067,'202','1004','2021-01-19','18:00:00','18:30:00','Group Exercise Studio'),(10068,'202','1004','2021-01-26','18:00:00','18:30:00','Group Exercise Studio'),(10069,'202','1004','2021-02-02','18:00:00','18:30:00','Group Exercise Studio');
INSERT INTO GroupSession (GroupSessionID,GroupExerciseID,TrainerID,GroupSessionStartDate,GroupSessionStartTime,GroupSessionEndTime,Location) VALUES (10070,'202','1004','2021-02-09','18:00:00','18:30:00','Group Exercise Studio'),(10071,'202','1004','2021-02-16','18:00:00','18:30:00','Group Exercise Studio'),(10072,'202','1004','2021-02-23','18:00:00','18:30:00','Group Exercise Studio'),(10073,'202','1004','2021-03-02','18:00:00','18:30:00','Group Exercise Studio'),(10074,'202','1004','2021-03-09','18:00:00','18:30:00','Group Exercise Studio'),(10075,'202','1004','2021-03-16','18:00:00','18:30:00','Group Exercise Studio'),(10076,'202','1004','2021-03-23','18:00:00','18:30:00','Group Exercise Studio'),(10077,'202','1004','2021-03-30','18:00:00','18:30:00','Group Exercise Studio'),(10078,'202','1004','2021-04-06','18:00:00','18:30:00','Group Exercise Studio'),(10079,'202','1004','2021-04-13','18:00:00','18:30:00','Group Exercise Studio');
INSERT INTO GroupSession (GroupSessionID,GroupExerciseID,TrainerID,GroupSessionStartDate,GroupSessionStartTime,GroupSessionEndTime,Location) VALUES (10080,'202','1004','2021-04-20','18:00:00','18:30:00','Group Exercise Studio'),(10081,'202','1004','2021-04-27','18:00:00','18:30:00','Group Exercise Studio');

/*LESMILLS RPM 303 5.55am-6.40am Mon*/
INSERT INTO GroupSession (GroupSessionID,GroupExerciseID,TrainerID,GroupSessionStartDate,GroupSessionStartTime,GroupSessionEndTime,Location) VALUES (10090,'303','2','2020-12-07','05:55:00','06:40:00','Group Exercise Studio'),(10091,'303','2','2020-12-14','05:55:00','06:40:00','Group Exercise Studio'),(10092,'303','2','2020-12-21','05:55:00','06:40:00','Group Exercise Studio'),(10093,'303','2','2020-12-28','05:55:00','06:40:00','Group Exercise Studio'),(10094,'303','2','2021-01-04','05:55:00','06:40:00','Group Exercise Studio'),(10095,'303','2','2021-01-11','05:55:00','06:40:00','Group Exercise Studio'),(10096,'303','2','2021-01-18','05:55:00','06:40:00','Group Exercise Studio'),(10097,'303','2','2021-01-25','05:55:00','06:40:00','Group Exercise Studio'),(10098,'303','2','2021-02-01','05:55:00','06:40:00','Group Exercise Studio'),(10099,'303','2','2021-02-08','05:55:00','06:40:00','Group Exercise Studio');
INSERT INTO GroupSession (GroupSessionID,GroupExerciseID,TrainerID,GroupSessionStartDate,GroupSessionStartTime,GroupSessionEndTime,Location) VALUES (10100,'303','2','2021-02-15','05:55:00','06:40:00','Group Exercise Studio'),(10101,'303','2','2021-02-22','05:55:00','06:40:00','Group Exercise Studio'),(10102,'303','2','2021-03-01','05:55:00','06:40:00','Group Exercise Studio'),(10103,'303','2','2021-03-08','05:55:00','06:40:00','Group Exercise Studio'),(10104,'303','2','2021-03-15','05:55:00','06:40:00','Group Exercise Studio'),(10105,'303','2','2021-03-22','05:55:00','06:40:00','Group Exercise Studio'),(10106,'303','2','2021-03-29','05:55:00','06:40:00','Group Exercise Studio'),(10107,'303','2','2021-04-05','05:55:00','06:40:00','Group Exercise Studio'),(10108,'303','2','2021-04-12','05:55:00','06:40:00','Group Exercise Studio'),(10109,'303','2','2021-04-19','05:55:00','06:40:00','Group Exercise Studio');
INSERT INTO GroupSession (GroupSessionID,GroupExerciseID,TrainerID,GroupSessionStartDate,GroupSessionStartTime,GroupSessionEndTime,Location) VALUES (10110,'303','2','2021-04-26','05:55:00','06:40:00','Group Exercise Studio');

/*LESMILLS RPM 303 9.10am-9.55am Wed*/
INSERT INTO GroupSession (GroupSessionID,GroupExerciseID,TrainerID,GroupSessionStartDate,GroupSessionStartTime,GroupSessionEndTime,Location) VALUES (100120,'303','1005','2020-12-02','09:10:00','09:55:00','Group Exercise Studio'),(100121,'303','1005','2020-12-09','09:10:00','09:55:00','Group Exercise Studio'),(100122,'303','1005','2020-12-16','09:10:00','09:55:00','Group Exercise Studio'),(100123,'303','1005','2020-12-23','09:10:00','09:55:00','Group Exercise Studio'),(100124,'303','1005','2020-12-30','09:10:00','09:55:00','Group Exercise Studio'),(100125,'303','1005','2021-01-06','09:10:00','09:55:00','Group Exercise Studio'),(100126,'303','1005','2021-01-13','09:10:00','09:55:00','Group Exercise Studio'),(100127,'303','1005','2021-01-20','09:10:00','09:55:00','Group Exercise Studio'),(100128,'303','1005','2021-01-27','09:10:00','09:55:00','Group Exercise Studio'),(100129,'303','1005','2021-02-03','09:10:00','09:55:00','Group Exercise Studio');
INSERT INTO GroupSession (GroupSessionID,GroupExerciseID,TrainerID,GroupSessionStartDate,GroupSessionStartTime,GroupSessionEndTime,Location) VALUES (100130,'303','1005','2021-02-10','09:10:00','09:55:00','Group Exercise Studio'),(100131,'303','1005','2021-02-17','09:10:00','09:55:00','Group Exercise Studio'),(100132,'303','1005','2021-02-24','09:10:00','09:55:00','Group Exercise Studio'),(100133,'303','1005','2021-03-03','09:10:00','09:55:00','Group Exercise Studio'),(100134,'303','1005','2021-03-10','09:10:00','09:55:00','Group Exercise Studio'),(100135,'303','1005','2021-03-17','09:10:00','09:55:00','Group Exercise Studio'),(100136,'303','1005','2021-03-24','09:10:00','09:55:00','Group Exercise Studio'),(100137,'303','1005','2021-03-31','09:10:00','09:55:00','Group Exercise Studio'),(100138,'303','1005','2021-04-07','09:10:00','09:55:00','Group Exercise Studio'),(100139,'303','1005','2021-04-14','09:10:00','09:55:00','Group Exercise Studio');
INSERT INTO GroupSession (GroupSessionID,GroupExerciseID,TrainerID,GroupSessionStartDate,GroupSessionStartTime,GroupSessionEndTime,Location) VALUES (100140,'303','1005','2021-04-21','09:10:00','09:55:00','Group Exercise Studio'),(100141,'303','1005','2021-04-28','09:10:00','09:55:00','Group Exercise Studio');

/*LESMILLS RPM 303 5.55am-6.40am Fri*/
INSERT INTO GroupSession (GroupSessionID,GroupExerciseID,TrainerID,GroupSessionStartDate,GroupSessionStartTime,GroupSessionEndTime,Location) VALUES (100150,'303','1006','2020-12-04','05:55:00','06:40:00','Group Exercise Studio'),(100151,'303','1006','2020-12-11','05:55:00','06:40:00','Group Exercise Studio'),(100152,'303','1006','2020-12-18','05:55:00','06:40:00','Group Exercise Studio'),(100153,'303','1006','2020-12-25','05:55:00','06:40:00','Group Exercise Studio'),(100154,'303','1006','2021-01-01','05:55:00','06:40:00','Group Exercise Studio'),(100155,'303','1006','2021-01-08','05:55:00','06:40:00','Group Exercise Studio'),(100156,'303','1006','2021-01-15','05:55:00','06:40:00','Group Exercise Studio'),(100157,'303','1006','2021-01-22','05:55:00','06:40:00','Group Exercise Studio'),(100158,'303','1006','2021-01-29','05:55:00','06:40:00','Group Exercise Studio'),(100159,'303','1006','2021-02-05','05:55:00','06:40:00','Group Exercise Studio');
INSERT INTO GroupSession (GroupSessionID,GroupExerciseID,TrainerID,GroupSessionStartDate,GroupSessionStartTime,GroupSessionEndTime,Location) VALUES (100160,'303','1006','2021-02-12','05:55:00','06:40:00','Group Exercise Studio'),(100161,'303','1006','2021-02-19','05:55:00','06:40:00','Group Exercise Studio'),(100162,'303','1006','2021-02-26','05:55:00','06:40:00','Group Exercise Studio'),(100163,'303','1006','2021-03-05','05:55:00','06:40:00','Group Exercise Studio'),(100164,'303','1006','2021-03-12','05:55:00','06:40:00','Group Exercise Studio'),(100165,'303','1006','2021-03-19','05:55:00','06:40:00','Group Exercise Studio'),(100166,'303','1006','2021-03-26','05:55:00','06:40:00','Group Exercise Studio'),(100167,'303','1006','2021-04-02','05:55:00','06:40:00','Group Exercise Studio'),(100168,'303','1006','2021-04-09','05:55:00','06:40:00','Group Exercise Studio'),(100169,'303','1006','2021-04-16','05:55:00','06:40:00','Group Exercise Studio');
INSERT INTO GroupSession (GroupSessionID,GroupExerciseID,TrainerID,GroupSessionStartDate,GroupSessionStartTime,GroupSessionEndTime,Location) VALUES (100170,'303','1006','2021-04-23','05:55:00','06:40:00','Group Exercise Studio'),(100171,'303','1006','2021-04-30','05:55:00','06:40:00','Group Exercise Studio');

/*LESMILLS RPM 303 7.30am-8.15am Sat*/
INSERT INTO GroupSession (GroupSessionID,GroupExerciseID,TrainerID,GroupSessionStartDate,GroupSessionStartTime,GroupSessionEndTime,Location) VALUES (100180,'303','3','2020-12-05','07:30:00','08:15:00','Group Exercise Studio'),(100181,'303','3','2020-12-12','07:30:00','08:15:00','Group Exercise Studio'),(100182,'303','3','2020-12-19','07:30:00','08:15:00','Group Exercise Studio'),(100183,'303','3','2020-12-26','07:30:00','08:15:00','Group Exercise Studio'),(100184,'303','3','2021-01-02','07:30:00','08:15:00','Group Exercise Studio'),(100185,'303','3','2021-01-09','07:30:00','08:15:00','Group Exercise Studio'),(100186,'303','3','2021-01-16','07:30:00','08:15:00','Group Exercise Studio'),(100187,'303','3','2021-01-23','07:30:00','08:15:00','Group Exercise Studio'),(100188,'303','3','2021-01-30','07:30:00','08:15:00','Group Exercise Studio'),(100189,'303','3','2021-02-06','07:30:00','08:15:00','Group Exercise Studio');
INSERT INTO GroupSession (GroupSessionID,GroupExerciseID,TrainerID,GroupSessionStartDate,GroupSessionStartTime,GroupSessionEndTime,Location) VALUES (100190,'303','3','2021-02-13','07:30:00','08:15:00','Group Exercise Studio'),(100191,'303','3','2021-02-20','07:30:00','08:15:00','Group Exercise Studio'),(100192,'303','3','2021-02-27','07:30:00','08:15:00','Group Exercise Studio'),(100193,'303','3','2021-03-06','07:30:00','08:15:00','Group Exercise Studio'),(100194,'303','3','2021-03-13','07:30:00','08:15:00','Group Exercise Studio'),(100195,'303','3','2021-03-20','07:30:00','08:15:00','Group Exercise Studio'),(100196,'303','3','2021-03-27','07:30:00','08:15:00','Group Exercise Studio'),(100197,'303','3','2021-04-03','07:30:00','08:15:00','Group Exercise Studio'),(100198,'303','3','2021-04-10','07:30:00','08:15:00','Group Exercise Studio'),(100199,'303','3','2021-04-17','07:30:00','08:15:00','Group Exercise Studio');
INSERT INTO GroupSession (GroupSessionID,GroupExerciseID,TrainerID,GroupSessionStartDate,GroupSessionStartTime,GroupSessionEndTime,Location) VALUES (100200,'303','3','2021-04-24','07:30:00','08:15:00','Group Exercise Studio');

/*LINCOLN ACTIVE SENIORS 404 10.10am-11.05am Mon*/
INSERT INTO GroupSession (GroupSessionID,GroupExerciseID,TrainerID,GroupSessionStartDate,GroupSessionStartTime,GroupSessionEndTime,Location) VALUES (100210,'404','1006','2020-12-07','10:10:00','11:05:00','Group Exercise Studio'),(100211,'404','1006','2020-12-14','10:10:00','11:05:00','Group Exercise Studio'),(100212,'404','1006','2020-12-21','10:10:00','11:05:00','Group Exercise Studio'),(100213,'404','1006','2020-12-28','10:10:00','11:05:00','Group Exercise Studio'),(100214,'404','1006','2021-01-04','10:10:00','11:05:00','Group Exercise Studio'),(100215,'404','1006','2021-01-11','10:10:00','11:05:00','Group Exercise Studio'),(100216,'404','1006','2021-01-18','10:10:00','11:05:00','Group Exercise Studio'),(100217,'404','1006','2021-01-25','10:10:00','11:05:00','Group Exercise Studio'),(100218,'404','1006','2021-02-01','10:10:00','11:05:00','Group Exercise Studio'),(100219,'404','1006','2021-02-08','10:10:00','11:05:00','Group Exercise Studio');
INSERT INTO GroupSession (GroupSessionID,GroupExerciseID,TrainerID,GroupSessionStartDate,GroupSessionStartTime,GroupSessionEndTime,Location) VALUES (100220,'404','1006','2021-02-15','10:10:00','11:05:00','Group Exercise Studio'),(100221,'404','1006','2021-02-22','10:10:00','11:05:00','Group Exercise Studio'),(100222,'404','1006','2021-03-01','10:10:00','11:05:00','Group Exercise Studio'),(100223,'404','1006','2021-03-08','10:10:00','11:05:00','Group Exercise Studio'),(100224,'404','1006','2021-03-15','10:10:00','11:05:00','Group Exercise Studio'),(100225,'404','1006','2021-03-22','10:10:00','11:05:00','Group Exercise Studio'),(100226,'404','1006','2021-03-29','10:10:00','11:05:00','Group Exercise Studio'),(100227,'404','1006','2021-04-05','10:10:00','11:05:00','Group Exercise Studio'),(100228,'404','1006','2021-04-12','10:10:00','11:05:00','Group Exercise Studio'),(100229,'404','1006','2021-04-19','10:10:00','11:05:00','Group Exercise Studio');
INSERT INTO GroupSession (GroupSessionID,GroupExerciseID,TrainerID,GroupSessionStartDate,GroupSessionStartTime,GroupSessionEndTime,Location) VALUES (100230,'404','1006','2021-04-26','10:10:00','11:05:00','Group Exercise Studio');

/*LINCOLN ACTIVE SENIORS 404 10.10am-11.05am Thur*/
INSERT INTO GroupSession (GroupSessionID,GroupExerciseID,TrainerID,GroupSessionStartDate,GroupSessionStartTime,GroupSessionEndTime,Location) VALUES (100240,'404','1007','2020-12-03','10:10:00','11:05:00','Group Exercise Studio'),(100241,'404','1007','2020-12-10','10:10:00','11:05:00','Group Exercise Studio'),(100242,'404','1007','2020-12-17','10:10:00','11:05:00','Group Exercise Studio'),(100243,'404','1007','2020-12-24','10:10:00','11:05:00','Group Exercise Studio'),(100244,'404','1007','2020-12-31','10:10:00','11:05:00','Group Exercise Studio'),(100245,'404','1007','2021-01-07','10:10:00','11:05:00','Group Exercise Studio'),(100246,'404','1007','2021-01-14','10:10:00','11:05:00','Group Exercise Studio'),(100247,'404','1007','2021-01-21','10:10:00','11:05:00','Group Exercise Studio'),(100248,'404','1007','2021-01-28','10:10:00','11:05:00','Group Exercise Studio'),(100249,'404','1007','2021-02-04','10:10:00','11:05:00','Group Exercise Studio');
INSERT INTO GroupSession (GroupSessionID,GroupExerciseID,TrainerID,GroupSessionStartDate,GroupSessionStartTime,GroupSessionEndTime,Location) VALUES (100250,'404','1007','2021-02-11','10:10:00','11:05:00','Group Exercise Studio'),(100251,'404','1007','2021-02-18','10:10:00','11:05:00','Group Exercise Studio'),(100252,'404','1007','2021-02-25','10:10:00','11:05:00','Group Exercise Studio'),(100253,'404','1007','2021-03-04','10:10:00','11:05:00','Group Exercise Studio'),(100254,'404','1007','2021-03-11','10:10:00','11:05:00','Group Exercise Studio'),(100255,'404','1007','2021-03-18','10:10:00','11:05:00','Group Exercise Studio'),(100256,'404','1007','2021-03-25','10:10:00','11:05:00','Group Exercise Studio'),(100257,'404','1007','2021-04-01','10:10:00','11:05:00','Group Exercise Studio'),(100258,'404','1007','2021-04-08','10:10:00','11:05:00','Group Exercise Studio'),(100259,'404','1007','2021-04-15','10:10:00','11:05:00','Group Exercise Studio');
INSERT INTO GroupSession (GroupSessionID,GroupExerciseID,TrainerID,GroupSessionStartDate,GroupSessionStartTime,GroupSessionEndTime,Location) VALUES (100260,'404','1007','2021-04-22','10:10:00','11:05:00','Group Exercise Studio'),(100261,'404','1007','2021-04-29','10:10:00','11:05:00','Group Exercise Studio');

/*LINCOLN ACTIVE SENIORS 404 10.10am-11.05am Fri*/
INSERT INTO GroupSession (GroupSessionID,GroupExerciseID,TrainerID,GroupSessionStartDate,GroupSessionStartTime,GroupSessionEndTime,Location) VALUES (100270,'404','1008','2020-12-04','10:10:00','11:05:00','Group Exercise Studio'),(100271,'404','1008','2020-12-11','10:10:00','11:05:00','Group Exercise Studio'),(100272,'404','1008','2020-12-18','10:10:00','11:05:00','Group Exercise Studio'),(100273,'404','1008','2020-12-25','10:10:00','11:05:00','Group Exercise Studio'),(100274,'404','1008','2021-01-01','10:10:00','11:05:00','Group Exercise Studio'),(100275,'404','1008','2021-01-08','10:10:00','11:05:00','Group Exercise Studio'),(100276,'404','1008','2021-01-15','10:10:00','11:05:00','Group Exercise Studio'),(100277,'404','1008','2021-01-22','10:10:00','11:05:00','Group Exercise Studio'),(100278,'404','1008','2021-01-29','10:10:00','11:05:00','Group Exercise Studio'),(100279,'404','1008','2021-02-05','10:10:00','11:05:00','Group Exercise Studio');
INSERT INTO GroupSession (GroupSessionID,GroupExerciseID,TrainerID,GroupSessionStartDate,GroupSessionStartTime,GroupSessionEndTime,Location) VALUES (100280,'404','1008','2021-02-12','10:10:00','11:05:00','Group Exercise Studio'),(100281,'404','1008','2021-02-19','10:10:00','11:05:00','Group Exercise Studio'),(100282,'404','1008','2021-02-26','10:10:00','11:05:00','Group Exercise Studio'),(100283,'404','1008','2021-03-05','10:10:00','11:05:00','Group Exercise Studio'),(100284,'404','1008','2021-03-12','10:10:00','11:05:00','Group Exercise Studio'),(100285,'404','1008','2021-03-19','10:10:00','11:05:00','Group Exercise Studio'),(100286,'404','1008','2021-03-26','10:10:00','11:05:00','Group Exercise Studio'),(100287,'404','1008','2021-04-02','10:10:00','11:05:00','Group Exercise Studio'),(100288,'404','1008','2021-04-09','10:10:00','11:05:00','Group Exercise Studio'),(100289,'404','1008','2021-04-16','10:10:00','11:05:00','Group Exercise Studio');
INSERT INTO GroupSession (GroupSessionID,GroupExerciseID,TrainerID,GroupSessionStartDate,GroupSessionStartTime,GroupSessionEndTime,Location) VALUES (100290,'404','1008','2021-04-23','10:10:00','11:05:00','Group Exercise Studio'),(100291,'404','1008','2021-04-30','10:10:00','11:05:00','Group Exercise Studio');

/*LESMILLS BODYPUMP 505 9.10am-10.05am Mon*/
INSERT INTO GroupSession (GroupSessionID,GroupExerciseID,TrainerID,GroupSessionStartDate,GroupSessionStartTime,GroupSessionEndTime,Location) VALUES (100300,'505','1009','2020-12-07','09:10:00','10:05:00','Group Exercise Studio'),(100301,'505','1009','2020-12-14','09:10:00','10:05:00','Group Exercise Studio'),(100302,'505','1009','2020-12-21','09:10:00','10:05:00','Group Exercise Studio'),(100303,'505','1009','2020-12-28','09:10:00','10:05:00','Group Exercise Studio'),(100304,'505','1009','2021-01-04','09:10:00','10:05:00','Group Exercise Studio'),(100305,'505','1009','2021-01-11','09:10:00','10:05:00','Group Exercise Studio'),(100306,'505','1009','2021-01-18','09:10:00','10:05:00','Group Exercise Studio'),(100307,'505','1009','2021-01-25','09:10:00','10:05:00','Group Exercise Studio'),(100308,'505','1009','2021-02-01','09:10:00','10:05:00','Group Exercise Studio'),(100309,'505','1009','2021-02-08','09:10:00','10:05:00','Group Exercise Studio');
INSERT INTO GroupSession (GroupSessionID,GroupExerciseID,TrainerID,GroupSessionStartDate,GroupSessionStartTime,GroupSessionEndTime,Location) VALUES (100310,'505','1009','2021-02-15','09:10:00','10:05:00','Group Exercise Studio'),(100311,'505','1009','2021-02-22','09:10:00','10:05:00','Group Exercise Studio'),(100312,'505','1009','2021-03-01','09:10:00','10:05:00','Group Exercise Studio'),(100313,'505','1009','2021-03-08','09:10:00','10:05:00','Group Exercise Studio'),(100314,'505','1009','2021-03-15','09:10:00','10:05:00','Group Exercise Studio'),(100315,'505','1009','2021-03-22','09:10:00','10:05:00','Group Exercise Studio'),(100316,'505','1009','2021-03-29','09:10:00','10:05:00','Group Exercise Studio'),(100317,'505','1009','2021-04-05','09:10:00','10:05:00','Group Exercise Studio'),(100318,'505','1009','2021-04-12','09:10:00','10:05:00','Group Exercise Studio'),(100319,'505','1009','2021-04-19','09:10:00','10:05:00','Group Exercise Studio');
INSERT INTO GroupSession (GroupSessionID,GroupExerciseID,TrainerID,GroupSessionStartDate,GroupSessionStartTime,GroupSessionEndTime,Location) VALUES (100320,'505','1009','2021-04-26','09:10:00','10:05:00','Group Exercise Studio');

/*LESMILLS BODYPUMP 505 6.30pm-7.25pm Tue*/
INSERT INTO GroupSession (GroupSessionID,GroupExerciseID,TrainerID,GroupSessionStartDate,GroupSessionStartTime,GroupSessionEndTime,Location) VALUES (100330,'505','1010','2020-12-01','18:30:00','19:25:00','Group Exercise Studio'),(100331,'505','1010','2020-12-08','18:30:00','19:25:00','Group Exercise Studio'),(100332,'505','1010','2020-12-15','18:30:00','19:25:00','Group Exercise Studio'),(100333,'505','1010','2020-12-22','18:30:00','19:25:00','Group Exercise Studio'),(100334,'505','1010','2020-12-29','18:30:00','19:25:00','Group Exercise Studio'),(100335,'505','1010','2021-01-05','18:30:00','19:25:00','Group Exercise Studio'),(100336,'505','1010','2021-01-12','18:30:00','19:25:00','Group Exercise Studio'),(100337,'505','1010','2021-01-19','18:30:00','19:25:00','Group Exercise Studio'),(100338,'505','1010','2021-01-26','18:30:00','19:25:00','Group Exercise Studio'),(100339,'505','1010','2021-02-02','18:30:00','19:25:00','Group Exercise Studio');
INSERT INTO GroupSession (GroupSessionID,GroupExerciseID,TrainerID,GroupSessionStartDate,GroupSessionStartTime,GroupSessionEndTime,Location) VALUES (100340,'505','1010','2021-02-09','18:30:00','19:25:00','Group Exercise Studio'),(100341,'505','1010','2021-02-16','18:30:00','19:25:00','Group Exercise Studio'),(100342,'505','1010','2021-02-23','18:30:00','19:25:00','Group Exercise Studio'),(100343,'505','1010','2021-03-02','18:30:00','19:25:00','Group Exercise Studio'),(100344,'505','1010','2021-03-09','18:30:00','19:25:00','Group Exercise Studio'),(100345,'505','1010','2021-03-16','18:30:00','19:25:00','Group Exercise Studio'),(100346,'505','1010','2021-03-23','18:30:00','19:25:00','Group Exercise Studio'),(100347,'505','1010','2021-03-30','18:30:00','19:25:00','Group Exercise Studio'),(100348,'505','1010','2021-04-06','18:30:00','19:25:00','Group Exercise Studio'),(100349,'505','1010','2021-04-13','18:30:00','19:25:00','Group Exercise Studio');
INSERT INTO GroupSession (GroupSessionID,GroupExerciseID,TrainerID,GroupSessionStartDate,GroupSessionStartTime,GroupSessionEndTime,Location) VALUES (100350,'505','1010','2021-04-20','18:30:00','19:25:00','Group Exercise Studio'),(100351,'505','1010','2021-04-27','18:30:00','19:25:00','Group Exercise Studio');

/*LESMILLS BODYPUMP 505 9.10am-10.05am Thur*/
INSERT INTO GroupSession (GroupSessionID,GroupExerciseID,TrainerID,GroupSessionStartDate,GroupSessionStartTime,GroupSessionEndTime,Location) VALUES (100360,'505','1011','2020-12-03','09:10:00','10:05:00','Group Exercise Studio'),(100361,'505','1011','2020-12-10','09:10:00','10:05:00','Group Exercise Studio'),(100362,'505','1011','2020-12-17','09:10:00','10:05:00','Group Exercise Studio'),(100363,'505','1011','2020-12-24','09:10:00','10:05:00','Group Exercise Studio'),(100364,'505','1011','2020-12-31','09:10:00','10:05:00','Group Exercise Studio'),(100365,'505','1011','2021-01-07','09:10:00','10:05:00','Group Exercise Studio'),(100366,'505','1011','2021-01-14','09:10:00','10:05:00','Group Exercise Studio'),(100367,'505','1011','2021-01-21','09:10:00','10:05:00','Group Exercise Studio'),(100368,'505','1011','2021-01-28','09:10:00','10:05:00','Group Exercise Studio'),(100369,'505','1011','2021-02-04','09:10:00','10:05:00','Group Exercise Studio');
INSERT INTO GroupSession (GroupSessionID,GroupExerciseID,TrainerID,GroupSessionStartDate,GroupSessionStartTime,GroupSessionEndTime,Location) VALUES (100370,'505','1011','2021-02-11','09:10:00','10:05:00','Group Exercise Studio'),(100371,'505','1011','2021-02-18','09:10:00','10:05:00','Group Exercise Studio'),(100372,'505','1011','2021-02-25','09:10:00','10:05:00','Group Exercise Studio'),(100373,'505','1011','2021-03-04','09:10:00','10:05:00','Group Exercise Studio'),(100374,'505','1011','2021-03-11','09:10:00','10:05:00','Group Exercise Studio'),(100375,'505','1011','2021-03-18','09:10:00','10:05:00','Group Exercise Studio'),(100376,'505','1011','2021-03-25','09:10:00','10:05:00','Group Exercise Studio'),(100377,'505','1011','2021-04-01','09:10:00','10:05:00','Group Exercise Studio'),(100378,'505','1011','2021-04-08','09:10:00','10:05:00','Group Exercise Studio'),(100379,'505','1011','2021-04-15','09:10:00','10:05:00','Group Exercise Studio');
INSERT INTO GroupSession (GroupSessionID,GroupExerciseID,TrainerID,GroupSessionStartDate,GroupSessionStartTime,GroupSessionEndTime,Location) VALUES (100380,'505','1011','2021-04-22','09:10:00','10:05:00','Group Exercise Studio'),(100381,'505','1011','2021-04-29','09:10:00','10:05:00','Group Exercise Studio');

/*LESMILLS BODYPUMP 505 9.30am-10.25am Sat*/
INSERT INTO GroupSession (GroupSessionID,GroupExerciseID,TrainerID,GroupSessionStartDate,GroupSessionStartTime,GroupSessionEndTime,Location) VALUES (100390,'505','1012','2020-12-05','09:30:00','10:25:00','Group Exercise Studio'),(100391,'505','1012','2020-12-12','09:30:00','10:25:00','Group Exercise Studio'),(100392,'505','1012','2020-12-19','09:30:00','10:25:00','Group Exercise Studio'),(100393,'505','1012','2020-12-26','09:30:00','10:25:00','Group Exercise Studio'),(100394,'505','1012','2021-01-02','09:30:00','10:25:00','Group Exercise Studio'),(100395,'505','1012','2021-01-09','09:30:00','10:25:00','Group Exercise Studio'),(100396,'505','1012','2021-01-16','09:30:00','10:25:00','Group Exercise Studio'),(100397,'505','1012','2021-01-23','09:30:00','10:25:00','Group Exercise Studio'),(100398,'505','1012','2021-01-30','09:30:00','10:25:00','Group Exercise Studio'),(100399,'505','1012','2021-02-06','09:30:00','10:25:00','Group Exercise Studio');
INSERT INTO GroupSession (GroupSessionID,GroupExerciseID,TrainerID,GroupSessionStartDate,GroupSessionStartTime,GroupSessionEndTime,Location) VALUES (100400,'505','1012','2021-02-13','09:30:00','10:25:00','Group Exercise Studio'),(100401,'505','1012','2021-02-20','09:30:00','10:25:00','Group Exercise Studio'),(100402,'505','1012','2021-02-27','09:30:00','10:25:00','Group Exercise Studio'),(100403,'505','1012','2021-03-06','09:30:00','10:25:00','Group Exercise Studio'),(100404,'505','1012','2021-03-13','09:30:00','10:25:00','Group Exercise Studio'),(100405,'505','1012','2021-03-20','09:30:00','10:25:00','Group Exercise Studio'),(100406,'505','1012','2021-03-27','09:30:00','10:25:00','Group Exercise Studio'),(100407,'505','1012','2021-04-03','09:30:00','10:25:00','Group Exercise Studio'),(100408,'505','1012','2021-04-10','09:30:00','10:25:00','Group Exercise Studio'),(100409,'505','1012','2021-04-17','09:30:00','10:25:00','Group Exercise Studio');
INSERT INTO GroupSession (GroupSessionID,GroupExerciseID,TrainerID,GroupSessionStartDate,GroupSessionStartTime,GroupSessionEndTime,Location) VALUES (100410,'505','1012','2021-04-24','09:30:00','10:25:00','Group Exercise Studio');

/*LESMILLS BODYATTACK 606 5.30pm-6.00pm Mon*/
INSERT INTO GroupSession (GroupSessionID,GroupExerciseID,TrainerID,GroupSessionStartDate,GroupSessionStartTime,GroupSessionEndTime,Location) VALUES (100420,'606','1013','2020-12-07','17:30:00','18:00:00','Group Exercise Studio'),(100421,'606','1013','2020-12-14','17:30:00','18:00:00','Group Exercise Studio'),(100422,'606','1013','2020-12-21','17:30:00','18:00:00','Group Exercise Studio'),(100423,'606','1013','2020-12-28','17:30:00','18:00:00','Group Exercise Studio'),(100424,'606','1013','2021-01-04','17:30:00','18:00:00','Group Exercise Studio'),(100425,'606','1013','2021-01-11','17:30:00','18:00:00','Group Exercise Studio'),(100426,'606','1013','2021-01-18','17:30:00','18:00:00','Group Exercise Studio'),(100427,'606','1013','2021-01-25','17:30:00','18:00:00','Group Exercise Studio'),(100428,'606','1013','2021-02-01','17:30:00','18:00:00','Group Exercise Studio'),(100429,'606','1013','2021-02-08','17:30:00','18:00:00','Group Exercise Studio');
INSERT INTO GroupSession (GroupSessionID,GroupExerciseID,TrainerID,GroupSessionStartDate,GroupSessionStartTime,GroupSessionEndTime,Location) VALUES (100430,'606','1013','2021-02-15','17:30:00','18:00:00','Group Exercise Studio'),(100431,'606','1013','2021-02-22','17:30:00','18:00:00','Group Exercise Studio'),(100432,'606','1013','2021-03-01','17:30:00','18:00:00','Group Exercise Studio'),(100433,'606','1013','2021-03-08','17:30:00','18:00:00','Group Exercise Studio'),(100434,'606','1013','2021-03-15','17:30:00','18:00:00','Group Exercise Studio'),(100435,'606','1013','2021-03-22','17:30:00','18:00:00','Group Exercise Studio'),(100436,'606','1013','2021-03-29','17:30:00','18:00:00','Group Exercise Studio'),(100437,'606','1013','2021-04-05','17:30:00','18:00:00','Group Exercise Studio'),(100438,'606','1013','2021-04-12','17:30:00','18:00:00','Group Exercise Studio'),(100439,'606','1013','2021-04-19','17:30:00','18:00:00','Group Exercise Studio');
INSERT INTO GroupSession (GroupSessionID,GroupExerciseID,TrainerID,GroupSessionStartDate,GroupSessionStartTime,GroupSessionEndTime,Location) VALUES (100440,'606','1013','2021-04-26','17:30:00','18:00:00','Group Exercise Studio');

/*LESMILLS BODYSTEP 707 6.10pm-6.40pm Mon*/
INSERT INTO GroupSession (GroupSessionID,GroupExerciseID,TrainerID,GroupSessionStartDate,GroupSessionStartTime,GroupSessionEndTime,Location) VALUES (100450,'707','1014','2020-12-07','18:10:00','18:40:00','Group Exercise Studio'),(100451,'707','1014','2020-12-14','18:10:00','18:40:00','Group Exercise Studio'),(100452,'707','1014','2020-12-21','18:10:00','18:40:00','Group Exercise Studio'),(100453,'707','1014','2020-12-28','18:10:00','18:40:00','Group Exercise Studio'),(100454,'707','1014','2021-01-04','18:10:00','18:40:00','Group Exercise Studio'),(100455,'707','1014','2021-01-11','18:10:00','18:40:00','Group Exercise Studio'),(100456,'707','1014','2021-01-18','18:10:00','18:40:00','Group Exercise Studio'),(100457,'707','1014','2021-01-25','18:10:00','18:40:00','Group Exercise Studio'),(100458,'707','1014','2021-02-01','18:10:00','18:40:00','Group Exercise Studio'),(100459,'707','1014','2021-02-08','18:10:00','18:40:00','Group Exercise Studio');
INSERT INTO GroupSession (GroupSessionID,GroupExerciseID,TrainerID,GroupSessionStartDate,GroupSessionStartTime,GroupSessionEndTime,Location) VALUES (100460,'707','1014','2021-02-15','18:10:00','18:40:00','Group Exercise Studio'),(100461,'707','1014','2021-02-22','18:10:00','18:40:00','Group Exercise Studio'),(100462,'707','1014','2021-03-01','18:10:00','18:40:00','Group Exercise Studio'),(100463,'707','1014','2021-03-08','18:10:00','18:40:00','Group Exercise Studio'),(100464,'707','1014','2021-03-15','18:10:00','18:40:00','Group Exercise Studio'),(100465,'707','1014','2021-03-22','18:10:00','18:40:00','Group Exercise Studio'),(100466,'707','1014','2021-03-29','18:10:00','18:40:00','Group Exercise Studio'),(100467,'707','1014','2021-04-05','18:10:00','18:40:00','Group Exercise Studio'),(100468,'707','1014','2021-04-12','18:10:00','18:40:00','Group Exercise Studio'),(100469,'707','1014','2021-04-19','18:10:00','18:40:00','Group Exercise Studio');
INSERT INTO GroupSession (GroupSessionID,GroupExerciseID,TrainerID,GroupSessionStartDate,GroupSessionStartTime,GroupSessionEndTime,Location) VALUES (100470,'707','1014','2021-04-26','18:10:00','18:40:00','Group Exercise Studio');

/*LESMILLS BODYSTEP 707 5.00pm-5.30pm Wed*/
INSERT INTO GroupSession (GroupSessionID,GroupExerciseID,TrainerID,GroupSessionStartDate,GroupSessionStartTime,GroupSessionEndTime,Location) VALUES (100480,'707','1015','2020-12-02','17:00:00','17:30:00','Group Exercise Studio'),(100481,'707','1015','2020-12-09','17:00:00','17:30:00','Group Exercise Studio'),(100482,'707','1015','2020-12-16','17:00:00','17:30:00','Group Exercise Studio'),(100483,'707','1015','2020-12-23','17:00:00','17:30:00','Group Exercise Studio'),(100484,'707','1015','2020-12-30','17:00:00','17:30:00','Group Exercise Studio'),(100485,'707','1015','2021-01-06','17:00:00','17:30:00','Group Exercise Studio'),(100486,'707','1015','2021-01-13','17:00:00','17:30:00','Group Exercise Studio'),(100487,'707','1015','2021-01-20','17:00:00','17:30:00','Group Exercise Studio'),(100488,'707','1015','2021-01-27','17:00:00','17:30:00','Group Exercise Studio'),(100489,'707','1015','2021-02-03','17:00:00','17:30:00','Group Exercise Studio');
INSERT INTO GroupSession (GroupSessionID,GroupExerciseID,TrainerID,GroupSessionStartDate,GroupSessionStartTime,GroupSessionEndTime,Location) VALUES (100490,'707','1015','2021-02-10','17:00:00','17:30:00','Group Exercise Studio'),(100491,'707','1015','2021-02-17','17:00:00','17:30:00','Group Exercise Studio'),(100492,'707','1015','2021-02-24','17:00:00','17:30:00','Group Exercise Studio'),(100493,'707','1015','2021-03-03','17:00:00','17:30:00','Group Exercise Studio'),(100494,'707','1015','2021-03-10','17:00:00','17:30:00','Group Exercise Studio'),(100495,'707','1015','2021-03-17','17:00:00','17:30:00','Group Exercise Studio'),(100496,'707','1015','2021-03-24','17:00:00','17:30:00','Group Exercise Studio'),(100497,'707','1015','2021-03-31','17:00:00','17:30:00','Group Exercise Studio'),(100498,'707','1015','2021-04-07','17:00:00','17:30:00','Group Exercise Studio'),(100499,'707','1015','2021-04-14','17:00:00','17:30:00','Group Exercise Studio');
INSERT INTO GroupSession (GroupSessionID,GroupExerciseID,TrainerID,GroupSessionStartDate,GroupSessionStartTime,GroupSessionEndTime,Location) VALUES (100500,'707','1015','2021-04-21','17:00:00','17:30:00','Group Exercise Studio'),(100501,'707','1015','2021-04-28','17:00:00','17:30:00','Group Exercise Studio');

/*LESMILLS BODYSTEP 707 8.30am-9.00am Sat*/
INSERT INTO GroupSession (GroupSessionID,GroupExerciseID,TrainerID,GroupSessionStartDate,GroupSessionStartTime,GroupSessionEndTime,Location) VALUES (100510,'707','1016','2020-12-05','08:30:00','09:00:00','Group Exercise Studio'),(100511,'707','1016','2020-12-12','08:30:00','09:00:00','Group Exercise Studio'),(100512,'707','1016','2020-12-19','08:30:00','09:00:00','Group Exercise Studio'),(100513,'707','1016','2020-12-26','08:30:00','09:00:00','Group Exercise Studio'),(100514,'707','1016','2021-01-02','08:30:00','09:00:00','Group Exercise Studio'),(100515,'707','1016','2021-01-09','08:30:00','09:00:00','Group Exercise Studio'),(100516,'707','1016','2021-01-16','08:30:00','09:00:00','Group Exercise Studio'),(100517,'707','1016','2021-01-23','08:30:00','09:00:00','Group Exercise Studio'),(100518,'707','1016','2021-01-30','08:30:00','09:00:00','Group Exercise Studio'),(100519,'707','1016','2021-02-06','08:30:00','09:00:00','Group Exercise Studio');
INSERT INTO GroupSession (GroupSessionID,GroupExerciseID,TrainerID,GroupSessionStartDate,GroupSessionStartTime,GroupSessionEndTime,Location) VALUES (100520,'707','1016','2021-02-13','08:30:00','09:00:00','Group Exercise Studio'),(100521,'707','1016','2021-02-20','08:30:00','09:00:00','Group Exercise Studio'),(100522,'707','1016','2021-02-27','08:30:00','09:00:00','Group Exercise Studio'),(100523,'707','1016','2021-03-06','08:30:00','09:00:00','Group Exercise Studio'),(100524,'707','1016','2021-03-13','08:30:00','09:00:00','Group Exercise Studio'),(100525,'707','1016','2021-03-20','08:30:00','09:00:00','Group Exercise Studio'),(100526,'707','1016','2021-03-27','08:30:00','09:00:00','Group Exercise Studio'),(100527,'707','1016','2021-04-03','08:30:00','09:00:00','Group Exercise Studio'),(100528,'707','1016','2021-04-10','08:30:00','09:00:00','Group Exercise Studio'),(100529,'707','1016','2021-04-17','08:30:00','09:00:00','Group Exercise Studio');
INSERT INTO GroupSession (GroupSessionID,GroupExerciseID,TrainerID,GroupSessionStartDate,GroupSessionStartTime,GroupSessionEndTime,Location) VALUES (100530,'707','1016','2021-04-24','08:30:00','09:00:00','Group Exercise Studio');

/*LINCOLN YOGA 808 6.45am-7.30am Tue*/
INSERT INTO GroupSession (GroupSessionID,GroupExerciseID,TrainerID,GroupSessionStartDate,GroupSessionStartTime,GroupSessionEndTime,Location) VALUES (100540,'808','1017','2020-12-01','06:45:00','07:30:00','Group Exercise Studio'),(100541,'808','1017','2020-12-08','06:45:00','07:30:00','Group Exercise Studio'),(100542,'808','1017','2020-12-15','06:45:00','07:30:00','Group Exercise Studio'),(100543,'808','1017','2020-12-22','06:45:00','07:30:00','Group Exercise Studio'),(100544,'808','1017','2020-12-29','06:45:00','07:30:00','Group Exercise Studio'),(100545,'808','1017','2021-01-05','06:45:00','07:30:00','Group Exercise Studio'),(100546,'808','1017','2021-01-12','06:45:00','07:30:00','Group Exercise Studio'),(100547,'808','1017','2021-01-19','06:45:00','07:30:00','Group Exercise Studio'),(100548,'808','1017','2021-01-26','06:45:00','07:30:00','Group Exercise Studio'),(100549,'808','1017','2021-02-02','06:45:00','07:30:00','Group Exercise Studio');
INSERT INTO GroupSession (GroupSessionID,GroupExerciseID,TrainerID,GroupSessionStartDate,GroupSessionStartTime,GroupSessionEndTime,Location) VALUES (100550,'808','1017','2021-02-09','06:45:00','07:30:00','Group Exercise Studio'),(100551,'808','1017','2021-02-16','06:45:00','07:30:00','Group Exercise Studio'),(100552,'808','1017','2021-02-23','06:45:00','07:30:00','Group Exercise Studio'),(100553,'808','1017','2021-03-02','06:45:00','07:30:00','Group Exercise Studio'),(100554,'808','1017','2021-03-09','06:45:00','07:30:00','Group Exercise Studio'),(100555,'808','1017','2021-03-16','06:45:00','07:30:00','Group Exercise Studio'),(100556,'808','1017','2021-03-23','06:45:00','07:30:00','Group Exercise Studio'),(100557,'808','1017','2021-03-30','06:45:00','07:30:00','Group Exercise Studio'),(100558,'808','1017','2021-04-06','06:45:00','07:30:00','Group Exercise Studio'),(100559,'808','1017','2021-04-13','06:45:00','07:30:00','Group Exercise Studio');
INSERT INTO GroupSession (GroupSessionID,GroupExerciseID,TrainerID,GroupSessionStartDate,GroupSessionStartTime,GroupSessionEndTime,Location) VALUES (100560,'808','1017','2021-04-20','06:45:00','07:30:00','Group Exercise Studio'),(100561,'808','1017','2021-04-27','06:45:00','07:30:00','Group Exercise Studio');

/*LINCOLN YOGA 808 7.05pm-7.50pm Thur*/
INSERT INTO GroupSession (GroupSessionID,GroupExerciseID,TrainerID,GroupSessionStartDate,GroupSessionStartTime,GroupSessionEndTime,Location) VALUES (100570,'808','1018','2020-12-03','07:05:00','07:55:00','Group Exercise Studio'),(100571,'808','1018','2020-12-10','07:05:00','07:55:00','Group Exercise Studio'),(100572,'808','1018','2020-12-17','07:05:00','07:55:00','Group Exercise Studio'),(100573,'808','1018','2020-12-24','07:05:00','07:55:00','Group Exercise Studio'),(100574,'808','1018','2020-12-31','07:05:00','07:55:00','Group Exercise Studio'),(100575,'808','1018','2021-01-07','07:05:00','07:55:00','Group Exercise Studio'),(100576,'808','1018','2021-01-14','07:05:00','07:55:00','Group Exercise Studio'),(100577,'808','1018','2021-01-21','07:05:00','07:55:00','Group Exercise Studio'),(100578,'808','1018','2021-01-28','07:05:00','07:55:00','Group Exercise Studio'),(100579,'808','1018','2021-02-04','07:05:00','07:55:00','Group Exercise Studio');
INSERT INTO GroupSession (GroupSessionID,GroupExerciseID,TrainerID,GroupSessionStartDate,GroupSessionStartTime,GroupSessionEndTime,Location) VALUES (100580,'808','1018','2021-02-11','07:05:00','07:55:00','Group Exercise Studio'),(100581,'808','1018','2021-02-18','07:05:00','07:55:00','Group Exercise Studio'),(100582,'808','1018','2021-02-25','07:05:00','07:55:00','Group Exercise Studio'),(100583,'808','1018','2021-03-04','07:05:00','07:55:00','Group Exercise Studio'),(100584,'808','1018','2021-03-11','07:05:00','07:55:00','Group Exercise Studio'),(100585,'808','1018','2021-03-18','07:05:00','07:55:00','Group Exercise Studio'),(100586,'808','1018','2021-03-25','07:05:00','07:55:00','Group Exercise Studio'),(100587,'808','1018','2021-04-01','07:05:00','07:55:00','Group Exercise Studio'),(100588,'808','1018','2021-04-08','07:05:00','07:55:00','Group Exercise Studio'),(100589,'808','1018','2021-04-15','07:05:00','07:55:00','Group Exercise Studio');
INSERT INTO GroupSession (GroupSessionID,GroupExerciseID,TrainerID,GroupSessionStartDate,GroupSessionStartTime,GroupSessionEndTime,Location) VALUES (100590,'808','1018','2021-04-22','07:05:00','07:55:00','Group Exercise Studio'),(100591,'808','1018','2021-04-29','07:05:00','07:55:00','Group Exercise Studio');
/*---------------------------------------------------------------------------------------------------------------------*/
CREATE TABLE GroupSessionBooking(
GroupSessionBookingID int NOT NULL,
MemberID int NOT NULL,
GroupSessionID int NOT NULL,
BookingDate date NOT NULL,
BookingTime time NOT NULL,
Note varchar(9000),
PRIMARY KEY (GroupSessionBookingID),
FOREIGN KEY (MemberID) REFERENCES member(MemberID),
FOREIGN KEY (GroupSessionID) REFERENCES GroupSession(GroupSessionID)
);
/*---------------------------------------------------------------------------------------------------------------------*/
/*one member enrolled one session*/
INSERT INTO GroupSessionBooking (GroupSessionBookingID,MemberID,GroupSessionID,BookingDate,BookingTime,Note) VALUES (1,4,10000,'2020-11-30','12:49:34',null),(2,5,10001,'2020-11-30','20:18:12',null),(3,6,10002,'2020-11-30','00:52:20',null),(4,7,10003,'2020-11-30','16:16:37',null),(5,8,10004,'2020-11-30','09:38:37',null),(6,9,10005,'2020-11-30','20:02:36',null),(7,10,10006,'2020-11-30','23:53:12',null),(8,11,10007,'2020-11-30','09:09:47',null),(9,12,10008,'2020-11-30','01:33:12',null),(10,13,10009,'2020-11-30','12:14:26',null);
INSERT INTO GroupSessionBooking (GroupSessionBookingID,MemberID,GroupSessionID,BookingDate,BookingTime,Note) VALUES (11,14,10010,'2020-11-30','02:55:38',null),(12,15,10011,'2020-11-30','01:40:31',null),(13,16,10012,'2020-11-30','07:07:41',null),(14,17,10013,'2020-11-30','03:17:44',null),(15,18,10014,'2020-11-30','06:21:17',null),(16,19,10015,'2020-11-30','08:10:48',null),(17,20,10016,'2020-11-30','17:33:02',null),(18,21,10017,'2020-11-30','23:00:30',null),(19,22,10018,'2020-11-30','02:59:49',null),(20,23,10019,'2020-11-30','14:01:37',null);

/*many members enrolled one session*/
INSERT INTO GroupSessionBooking (GroupSessionBookingID,MemberID,GroupSessionID,BookingDate,BookingTime,Note) VALUES (21,24,10000,'2020-11-30','13:46:21',null),(22,25,10000,'2020-11-30','23:32:10',null),(23,26,10000,'2020-11-30','13:31:42',null),(24,27,10000,'2020-11-30','22:12:43',null),(25,28,10000,'2020-11-30','05:00:41',null),(26,29,10000,'2020-11-30','20:53:55',null),(27,30,10000,'2020-11-30','20:46:54',null),(28,31,10000,'2020-11-30','12:50:39',null),(29,32,10000,'2020-11-30','04:56:42',null),(30,33,10000,'2020-11-30','20:39:55',null);
/*---------------------------------------------------------------------------------------------------------------------*/
CREATE TABLE GroupSessionAttendance(
GroupSessionAttendanceID int NOT NULL,
MemberID int NOT NULL,
GroupSessionID int NOT NULL,
AttendanceStatus varchar(20),
PRIMARY KEY (GroupSessionAttendanceID),
FOREIGN KEY (MemberID) REFERENCES member(MemberID),
FOREIGN KEY (GroupSessionID) REFERENCES GroupSession(GroupSessionID)
);
/*---------------------------------------------------------------------------------------------------------------------*/
INSERT INTO GroupSessionAttendance (GroupSessionAttendanceID,MemberID,GroupSessionID,AttendanceStatus) VALUES (11,4,10000,'Attended'),(1,21,10000,'Attended'),(2,22,10000,'Attended'),(3,23,10000,'Attended'),(4,24,10000,'Attended'),(5,25,10000,'Attended'),(6,26,10000,'Attended'),(7,27,10000,'Did not show'),(8,28,10000,'Did not show'),(9,29,10000,'Did not show'),(10,30,10000,'Did not show');